timestamp,current_cpu,avg_cpu,trend,action,reason,desired_count_before,desired_count_after
2026-07-27T10:14:04.761687+00:00,0.58,,,NO_CHANGE,Yeterli veri birikmedi (isinma periyodu),1,1
2026-07-27T10:14:36.241914+00:00,0.58,,,NO_CHANGE,Yeterli veri birikmedi (isinma periyodu),1,1
2026-07-27T10:15:07.739920+00:00,0.58,,,NO_CHANGE,Yeterli veri birikmedi (isinma periyodu),1,1
2026-07-27T10:15:39.214698+00:00,0.58,,,NO_CHANGE,Yeterli veri birikmedi (isinma periyodu),1,1
2026-07-27T10:16:10.790911+00:00,0.82,0.63,RISING,NO_CHANGE,Ortalama CPU (0.6) normal aralikta,1,1
2026-07-27T10:16:42.312321+00:00,0.82,0.68,RISING,NO_CHANGE,Ortalama CPU (0.7) normal aralikta,1,1
2026-07-27T10:17:13.893795+00:00,1.38,0.83,RISING,NO_CHANGE,Ortalama CPU (0.8) normal aralikta,1,1
2026-07-27T10:17:46.363590+00:00,1.67,1.05,RISING,NO_CHANGE,Ortalama CPU (1.1) normal aralikta,1,1
2026-07-27T10:18:17.883828+00:00,1.94,1.32,RISING,NO_CHANGE,Ortalama CPU (1.3) normal aralikta,1,1
2026-07-27T10:18:49.347152+00:00,2.15,1.59,RISING,NO_CHANGE,Ortalama CPU (1.6) normal aralikta,1,1
2026-07-27T10:19:21.563007+00:00,2.55,1.94,RISING,NO_CHANGE,Ortalama CPU (1.9) normal aralikta,1,1
2026-07-27T10:19:53.217313+00:00,2.68,2.2,RISING,NO_CHANGE,Ortalama CPU (2.2) normal aralikta,1,1
2026-07-27T10:20:25.996505+00:00,2.97,2.46,RISING,NO_CHANGE,Ortalama CPU (2.5) normal aralikta,1,1
2026-07-27T10:20:57.496087+00:00,4.54,2.98,RISING,NO_CHANGE,Ortalama CPU (3.0) normal aralikta,1,1
2026-07-27T10:21:29.159267+00:00,4.96,3.54,RISING,NO_CHANGE,Ortalama CPU (3.5) normal aralikta,1,1
2026-07-27T10:22:00.856886+00:00,10.18,5.07,RISING,NO_CHANGE,Ortalama CPU (5.1) normal aralikta,1,1
2026-07-27T10:22:32.356479+00:00,12.02,6.93,RISING,NO_CHANGE,Ortalama CPU (6.9) normal aralikta,1,1
2026-07-27T10:23:03.848900+00:00,18.97,10.13,RISING,NO_CHANGE,Ortalama CPU (10.1) normal aralikta,1,1
2026-07-27T10:23:35.417297+00:00,18.97,13.02,RISING,NO_CHANGE,Ortalama CPU (13.0) normal aralikta,1,1
2026-07-27T10:24:06.812964+00:00,26.06,17.24,RISING,NO_CHANGE,Ortalama CPU (17.2) normal aralikta,1,1
2026-07-27T10:24:38.351521+00:00,26.06,20.42,RISING,NO_CHANGE,Ortalama CPU (20.4) normal aralikta,1,1
2026-07-27T10:25:09.795380+00:00,31.31,24.27,RISING,NO_CHANGE,Ortalama CPU (24.3) normal aralikta,1,1
2026-07-27T10:25:41.304995+00:00,31.31,26.74,RISING,NO_CHANGE,Ortalama CPU (26.7) normal aralikta,1,1
2026-07-27T10:26:12.873016+00:00,37.01,30.35,RISING,NO_CHANGE,Ortalama CPU (30.4) normal aralikta,1,1
2026-07-27T10:26:44.478896+00:00,49.6,35.06,RISING,NO_CHANGE,Ortalama CPU (35.1) normal aralikta,1,1
2026-07-27T10:27:15.988963+00:00,54.3,40.7,RISING,NO_CHANGE,Ortalama CPU (40.7) normal aralikta,1,1
2026-07-27T11:20:28.972933+00:00,0.59,,,NO_CHANGE,Yeterli veri birikmedi (isinma periyodu),1,1
2026-07-27T11:21:00.399893+00:00,0.6,,,NO_CHANGE,Yeterli veri birikmedi (isinma periyodu),1,1
2026-07-27T11:21:31.943278+00:00,0.6,,,NO_CHANGE,Yeterli veri birikmedi (isinma periyodu),1,1
2026-07-27T11:22:03.353521+00:00,0.79,,,NO_CHANGE,Yeterli veri birikmedi (isinma periyodu),1,1
2026-07-27T11:22:34.897345+00:00,0.79,0.67,RISING,NO_CHANGE,Ortalama CPU (0.7) normal aralikta,1,1
2026-07-27T11:23:08.582989+00:00,1.34,0.82,RISING,NO_CHANGE,Ortalama CPU (0.8) normal aralikta,1,1
2026-07-27T11:23:40.213739+00:00,1.34,0.97,RISING,NO_CHANGE,Ortalama CPU (1.0) normal aralikta,1,1
2026-07-27T11:24:11.793678+00:00,1.98,1.25,RISING,NO_CHANGE,Ortalama CPU (1.2) normal aralikta,1,1
2026-07-27T11:24:43.433121+00:00,2.23,1.54,RISING,NO_CHANGE,Ortalama CPU (1.5) normal aralikta,1,1
2026-07-27T11:25:15.931864+00:00,2.63,1.91,RISING,NO_CHANGE,Ortalama CPU (1.9) normal aralikta,1,1
2026-07-27T11:25:47.495075+00:00,2.79,2.2,RISING,NO_CHANGE,Ortalama CPU (2.2) normal aralikta,1,1
2026-07-27T11:26:19.434501+00:00,3.16,2.56,RISING,NO_CHANGE,Ortalama CPU (2.6) normal aralikta,1,1
2026-07-27T11:26:51.128292+00:00,5.01,3.17,RISING,NO_CHANGE,Ortalama CPU (3.2) normal aralikta,1,1
2026-07-27T11:27:22.745403+00:00,5.57,3.83,RISING,NO_CHANGE,Ortalama CPU (3.8) normal aralikta,1,1
2026-07-27T11:27:54.250653+00:00,10.81,5.47,RISING,NO_CHANGE,Ortalama CPU (5.5) normal aralikta,1,1
2026-07-27T11:28:25.865170+00:00,12.72,7.45,RISING,NO_CHANGE,Ortalama CPU (7.5) normal aralikta,1,1
2026-07-27T11:28:57.502096+00:00,16.61,10.14,RISING,NO_CHANGE,Ortalama CPU (10.1) normal aralikta,1,1
2026-07-27T11:29:29.113659+00:00,19.95,13.13,RISING,NO_CHANGE,Ortalama CPU (13.1) normal aralikta,1,1
2026-07-27T11:30:00.682133+00:00,22.13,16.44,RISING,NO_CHANGE,Ortalama CPU (16.4) normal aralikta,1,1
2026-07-27T11:30:32.303333+00:00,26.81,19.64,RISING,NO_CHANGE,Ortalama CPU (19.6) normal aralikta,1,1
2026-07-27T11:31:04.005123+00:00,31.42,23.38,RISING,NO_CHANGE,Ortalama CPU (23.4) normal aralikta,1,1
2026-07-27T11:31:35.613692+00:00,31.42,26.35,RISING,NO_CHANGE,Ortalama CPU (26.3) normal aralikta,1,1
2026-07-27T11:32:07.229336+00:00,36.93,29.74,RISING,NO_CHANGE,Ortalama CPU (29.7) normal aralikta,1,1
2026-07-27T11:32:38.882637+00:00,36.93,32.7,RISING,NO_CHANGE,Ortalama CPU (32.7) normal aralikta,1,1
2026-07-27T11:33:10.565471+00:00,53.88,38.11,RISING,NO_CHANGE,Ortalama CPU (38.1) normal aralikta,1,1
2026-07-27T11:33:42.154429+00:00,53.88,42.61,RISING,NO_CHANGE,Ortalama CPU (42.6) normal aralikta,1,1
2026-07-27T11:34:13.784526+00:00,71.15,50.55,RISING,NO_CHANGE,Ortalama CPU (50.6) normal aralikta,1,1
2026-07-27T11:34:45.395444+00:00,64.1,55.99,RISING,NO_CHANGE,Ortalama CPU (56.0) normal aralikta,1,1
2026-07-27T11:35:17.090757+00:00,70.74,62.75,RISING,NO_CHANGE,Ortalama CPU (62.8) normal aralikta,1,1
2026-07-27T11:35:49.065113+00:00,60.75,64.13,RISING,NO_CHANGE,Ortalama CPU (64.1) normal aralikta,1,1
2026-07-27T11:36:21.260937+00:00,61.91,65.73,RISING,NO_CHANGE,Ortalama CPU (65.7) normal aralikta,1,1
2026-07-27T11:36:53.092227+00:00,46.81,60.86,RISING,NO_CHANGE,Ortalama CPU (60.9) normal aralikta,1,1
2026-07-27T11:37:26.168743+00:00,39.22,55.89,STABLE,NO_CHANGE,Ortalama CPU (55.9) normal aralikta,1,1
2026-07-27T11:37:58.103440+00:00,30.83,47.91,FALLING,NO_CHANGE,Ortalama CPU (47.9) normal aralikta,1,1
2026-07-27T11:38:29.741552+00:00,22.18,40.19,FALLING,NO_CHANGE,Ortalama CPU (40.2) normal aralikta,1,1
2026-07-27T11:39:01.290807+00:00,18.05,31.42,FALLING,NO_CHANGE,Ortalama CPU (31.4) normal aralikta,1,1
2026-07-27T11:39:32.921625+00:00,10.06,24.07,FALLING,NO_CHANGE,Ortalama CPU (24.1) normal aralikta,1,1
2026-07-27T11:40:05.088086+00:00,1.47,16.52,FALLING,SCALE_DOWN,Ortalama CPU (16.5) esik degerinin (20) altinda ve yukselme trendi yok,1,1
2026-07-27T11:40:36.753045+00:00,1.47,10.65,FALLING,NO_CHANGE,"Cooldown aktif, kalan sure: 148sn",1,1
2026-07-27T11:41:09.736158+00:00,1.24,6.46,FALLING,NO_CHANGE,"Cooldown aktif, kalan sure: 116sn",1,1
2026-07-27T11:41:41.435954+00:00,1.24,3.1,FALLING,NO_CHANGE,"Cooldown aktif, kalan sure: 83sn",1,1
2026-07-27T11:42:13.031259+00:00,1.09,1.3,FALLING,NO_CHANGE,"Cooldown aktif, kalan sure: 51sn",1,1
2026-07-27T11:42:44.653584+00:00,1.03,1.21,FALLING,NO_CHANGE,"Cooldown aktif, kalan sure: 20sn",1,1
2026-07-27T11:43:16.900248+00:00,0.87,1.09,FALLING,SCALE_DOWN,Ortalama CPU (1.1) esik degerinin (20) altinda ve yukselme trendi yok,1,1
2026-07-27T11:43:48.569009+00:00,0.84,1.01,FALLING,NO_CHANGE,"Cooldown aktif, kalan sure: 148sn",1,1
2026-07-27T11:44:20.328731+00:00,0.6,0.89,FALLING,NO_CHANGE,"Cooldown aktif, kalan sure: 116sn",1,1
2026-07-27T11:44:52.009669+00:00,0.6,0.79,FALLING,NO_CHANGE,"Cooldown aktif, kalan sure: 84sn",1,1
2026-07-27T11:45:23.817667+00:00,0.6,0.7,FALLING,NO_CHANGE,"Cooldown aktif, kalan sure: 53sn",1,1
2026-07-27T11:45:56.824751+00:00,0.6,0.64,FALLING,NO_CHANGE,"Cooldown aktif, kalan sure: 21sn",1,1
2026-07-27T11:46:35.605283+00:00,0.59,0.6,FALLING,SCALE_DOWN,Ortalama CPU (0.6) esik degerinin (20) altinda ve yukselme trendi yok,1,1
2026-07-27T11:47:07.349079+00:00,0.59,0.6,FALLING,NO_CHANGE,"Cooldown aktif, kalan sure: 144sn",1,1
2026-07-27T11:47:39.084645+00:00,0.59,0.6,FALLING,NO_CHANGE,"Cooldown aktif, kalan sure: 113sn",1,1
2026-07-27T11:48:10.859829+00:00,0.59,0.59,FALLING,NO_CHANGE,"Cooldown aktif, kalan sure: 81sn",1,1
2026-07-27T11:48:42.772680+00:00,0.59,0.59,FALLING,NO_CHANGE,"Cooldown aktif, kalan sure: 49sn",1,1
2026-07-27T11:49:14.683430+00:00,0.59,0.59,STABLE,NO_CHANGE,"Cooldown aktif, kalan sure: 17sn",1,1
2026-07-27T11:49:47.264743+00:00,0.59,0.59,STABLE,SCALE_DOWN,Ortalama CPU (0.6) esik degerinin (20) altinda ve yukselme trendi yok,1,1
2026-07-27T11:50:18.960173+00:00,0.59,0.59,STABLE,NO_CHANGE,"Cooldown aktif, kalan sure: 148sn",1,1
2026-07-27T11:52:43.325227+00:00,0.59,,,NO_CHANGE,Yeterli veri birikmedi (isinma periyodu),1,1
2026-07-27T11:53:14.906575+00:00,0.59,,,NO_CHANGE,Yeterli veri birikmedi (isinma periyodu),1,1
2026-07-27T11:53:47.206543+00:00,0.59,0.59,INSUFFICIENT_DATA,SCALE_DOWN,Ortalama CPU (0.6) esik degerinin (20) altinda ve yukselme trendi yok,1,1
2026-07-27T11:54:18.823165+00:00,0.59,0.59,STABLE,NO_CHANGE,"Cooldown aktif, kalan sure: 148sn",1,1
2026-07-27T11:54:50.684242+00:00,1.08,0.75,RISING,NO_CHANGE,"Cooldown aktif, kalan sure: 116sn",1,1
2026-07-27T11:55:22.257970+00:00,1.2,0.96,RISING,NO_CHANGE,"Cooldown aktif, kalan sure: 84sn",1,1
2026-07-27T11:55:54.074741+00:00,1.65,1.31,RISING,NO_CHANGE,"Cooldown aktif, kalan sure: 53sn",1,1
2026-07-27T11:56:25.806426+00:00,1.91,1.59,RISING,NO_CHANGE,"Cooldown aktif, kalan sure: 21sn",1,1
2026-07-27T11:56:57.581273+00:00,2.14,1.9,RISING,NO_CHANGE,Ortalama CPU (1.9) normal aralikta,1,1
2026-07-27T11:57:29.253346+00:00,2.52,2.19,RISING,NO_CHANGE,Ortalama CPU (2.2) normal aralikta,1,1
2026-07-27T11:58:00.902075+00:00,7.88,4.18,RISING,NO_CHANGE,Ortalama CPU (4.2) normal aralikta,1,1
2026-07-27T11:58:32.485042+00:00,9.69,6.7,RISING,NO_CHANGE,Ortalama CPU (6.7) normal aralikta,1,1
2026-07-27T11:59:04.193098+00:00,14.11,10.56,RISING,NO_CHANGE,Ortalama CPU (10.6) normal aralikta,1,1
2026-07-27T11:59:35.699680+00:00,14.11,12.64,RISING,NO_CHANGE,Ortalama CPU (12.6) normal aralikta,1,1
2026-07-27T12:00:07.199829+00:00,21.02,16.41,RISING,NO_CHANGE,Ortalama CPU (16.4) normal aralikta,1,1
2026-07-27T12:00:38.753157+00:00,21.02,18.71,RISING,NO_CHANGE,Ortalama CPU (18.7) normal aralikta,1,1
2026-07-27T12:01:10.350209+00:00,43.04,28.36,RISING,NO_CHANGE,Ortalama CPU (28.4) normal aralikta,1,1
2026-07-27T12:01:41.863193+00:00,43.04,35.7,RISING,NO_CHANGE,Ortalama CPU (35.7) normal aralikta,1,1
2026-07-27T12:02:13.461805+00:00,60.71,48.93,RISING,NO_CHANGE,Ortalama CPU (48.9) normal aralikta,1,1
2026-07-27T12:02:44.950349+00:00,57.13,53.63,RISING,NO_CHANGE,Ortalama CPU (53.6) normal aralikta,1,1
2026-07-27T12:03:16.512359+00:00,64.42,60.75,RISING,NO_CHANGE,Ortalama CPU (60.8) normal aralikta,1,1
2026-07-27T12:03:48.469444+00:00,71.95,64.5,RISING,NO_CHANGE,Ortalama CPU (64.5) normal aralikta,1,1
2026-07-27T12:04:21.115734+00:00,78.76,71.71,RISING,SCALE_UP,Ortalama CPU (71.7) esik degerini (70) asti,1,2
2026-07-27T12:04:52.843723+00:00,74.01,74.91,RISING,NO_CHANGE,"Cooldown aktif, kalan sure: 147sn",2,2
2026-07-27T12:05:24.851749+00:00,71.57,74.78,RISING,NO_CHANGE,"Cooldown aktif, kalan sure: 115sn",2,2
2026-07-27T12:05:56.661543+00:00,65.63,70.41,RISING,NO_CHANGE,"Cooldown aktif, kalan sure: 84sn",2,2
2026-07-27T12:06:28.584281+00:00,61.34,66.18,RISING,NO_CHANGE,"Cooldown aktif, kalan sure: 52sn",2,2
2026-07-27T12:07:00.259418+00:00,41.72,56.23,FALLING,NO_CHANGE,"Cooldown aktif, kalan sure: 20sn",2,2
2026-07-27T12:07:32.034388+00:00,40.07,47.71,FALLING,NO_CHANGE,Ortalama CPU (47.7) normal aralikta,2,2
2026-07-27T12:08:03.838399+00:00,18.63,33.47,FALLING,NO_CHANGE,Ortalama CPU (33.5) normal aralikta,2,2
2026-07-27T12:08:35.931933+00:00,18.63,25.78,FALLING,NO_CHANGE,Ortalama CPU (25.8) normal aralikta,2,2
2026-07-27T12:09:08.248571+00:00,7.72,14.99,FALLING,SCALE_DOWN,Ortalama CPU (15.0) esik degerinin (20) altinda ve yukselme trendi yok,2,1
2026-07-27T12:09:39.954017+00:00,7.72,11.36,FALLING,NO_CHANGE,"Cooldown aktif, kalan sure: 148sn",1,1
2026-07-27T12:10:11.752435+00:00,1.44,5.63,FALLING,NO_CHANGE,"Cooldown aktif, kalan sure: 116sn",1,1
2026-07-27T12:10:43.610168+00:00,1.44,3.53,FALLING,NO_CHANGE,"Cooldown aktif, kalan sure: 84sn",1,1
2026-07-27T12:11:15.473188+00:00,0.99,1.29,FALLING,NO_CHANGE,"Cooldown aktif, kalan sure: 52sn",1,1
2026-07-27T12:11:47.310140+00:00,0.92,1.12,FALLING,NO_CHANGE,"Cooldown aktif, kalan sure: 20sn",1,1
2026-07-27T12:12:19.653957+00:00,0.86,0.93,FALLING,SCALE_DOWN,Ortalama CPU (0.9) esik degerinin (20) altinda ve yukselme trendi yok,1,1
2026-07-27T12:12:51.485608+00:00,0.81,0.86,FALLING,NO_CHANGE,"Cooldown aktif, kalan sure: 148sn",1,1
2026-07-27T12:13:23.292090+00:00,0.74,0.8,FALLING,NO_CHANGE,"Cooldown aktif, kalan sure: 116sn",1,1
2026-07-27T12:13:55.193748+00:00,0.72,0.76,FALLING,NO_CHANGE,"Cooldown aktif, kalan sure: 84sn",1,1
2026-07-27T12:14:26.860225+00:00,0.62,0.69,FALLING,NO_CHANGE,"Cooldown aktif, kalan sure: 52sn",1,1
2026-07-27T12:14:58.558441+00:00,0.61,0.65,FALLING,NO_CHANGE,"Cooldown aktif, kalan sure: 20sn",1,1
2026-07-27T12:15:30.933610+00:00,0.58,0.6,FALLING,SCALE_DOWN,Ortalama CPU (0.6) esik degerinin (20) altinda ve yukselme trendi yok,1,1
2026-07-27T12:16:02.698658+00:00,0.58,0.59,FALLING,NO_CHANGE,"Cooldown aktif, kalan sure: 148sn",1,1
2026-07-27T12:16:34.482831+00:00,0.58,0.58,FALLING,NO_CHANGE,"Cooldown aktif, kalan sure: 116sn",1,1
2026-07-27T12:17:06.239703+00:00,0.58,0.58,FALLING,NO_CHANGE,"Cooldown aktif, kalan sure: 84sn",1,1
2026-07-27T12:17:37.896980+00:00,0.58,0.58,FALLING,NO_CHANGE,"Cooldown aktif, kalan sure: 52sn",1,1
2026-07-29T13:49:40.078055+00:00,0.6,,,NO_CHANGE,Yeterli veri birikmedi (isinma periyodu),1,1
2026-07-29T13:50:12.025054+00:00,0.6,,,NO_CHANGE,Yeterli veri birikmedi (isinma periyodu),1,1
2026-07-29T13:50:44.812437+00:00,1.09,0.76,INSUFFICIENT_DATA,SCALE_DOWN,Ortalama CPU (0.8) esik degerinin (20) altinda ve yukselme trendi yok,1,1
2026-07-29T13:51:16.627204+00:00,1.21,0.96,RISING,NO_CHANGE,"Cooldown aktif, kalan sure: 147sn",1,1
2026-07-29T13:51:48.080750+00:00,1.58,1.29,RISING,NO_CHANGE,"Cooldown aktif, kalan sure: 116sn",1,1
2026-07-29T13:52:19.493926+00:00,1.82,1.54,RISING,NO_CHANGE,"Cooldown aktif, kalan sure: 84sn",1,1
2026-07-29T13:52:50.963978+00:00,2.06,1.82,RISING,NO_CHANGE,"Cooldown aktif, kalan sure: 53sn",1,1
2026-07-29T13:53:22.363875+00:00,2.43,2.1,RISING,NO_CHANGE,"Cooldown aktif, kalan sure: 22sn",1,1
2026-07-29T13:53:54.808750+00:00,12.26,5.58,RISING,NO_CHANGE,Ortalama CPU (5.6) normal aralikta,1,1
2026-07-29T13:54:26.390120+00:00,15.18,9.96,RISING,NO_CHANGE,Ortalama CPU (10.0) normal aralikta,1,1
2026-07-29T13:54:58.139109+00:00,21.04,16.16,RISING,NO_CHANGE,Ortalama CPU (16.2) normal aralikta,1,1
2026-07-29T13:55:29.759466+00:00,25.54,20.59,RISING,NO_CHANGE,Ortalama CPU (20.6) normal aralikta,1,1
2026-07-29T13:56:01.587825+00:00,30.42,25.67,RISING,NO_CHANGE,Ortalama CPU (25.7) normal aralikta,1,1
2026-07-29T13:56:33.289745+00:00,37.26,31.07,RISING,NO_CHANGE,Ortalama CPU (31.1) normal aralikta,1,1
2026-07-29T13:57:05.067467+00:00,61.5,43.06,RISING,NO_CHANGE,Ortalama CPU (43.1) normal aralikta,1,1
2026-07-29T13:57:36.634459+00:00,61.5,53.42,RISING,NO_CHANGE,Ortalama CPU (53.4) normal aralikta,1,1
2026-07-29T13:58:08.250537+00:00,58.87,60.62,RISING,NO_CHANGE,Ortalama CPU (60.6) normal aralikta,1,1
2026-07-29T13:58:40.087719+00:00,58.87,59.75,RISING,NO_CHANGE,Ortalama CPU (59.7) normal aralikta,1,1
2026-07-29T13:59:11.678359+00:00,69.96,62.57,RISING,NO_CHANGE,Ortalama CPU (62.6) normal aralikta,1,1
2026-07-29T13:59:43.382534+00:00,77.46,68.76,RISING,NO_CHANGE,Ortalama CPU (68.8) normal aralikta,1,1
2026-07-29T14:00:16.222651+00:00,81.4,76.27,RISING,SCALE_UP,Ortalama CPU (76.3) esik degerini (70) asti,1,2
2026-07-29T14:00:47.690085+00:00,85.52,81.46,RISING,NO_CHANGE,"Cooldown aktif, kalan sure: 147sn",2,2
2026-07-29T14:01:19.150661+00:00,83.71,83.54,RISING,NO_CHANGE,"Cooldown aktif, kalan sure: 116sn",2,2
2026-07-29T14:01:50.797024+00:00,72.46,80.56,RISING,NO_CHANGE,"Cooldown aktif, kalan sure: 84sn",2,2
2026-07-29T14:02:22.570131+00:00,76.96,77.71,RISING,NO_CHANGE,"Cooldown aktif, kalan sure: 53sn",2,2
2026-07-29T14:02:54.786460+00:00,66.31,71.91,RISING,NO_CHANGE,"Cooldown aktif, kalan sure: 20sn",2,2
2026-07-29T14:03:26.397615+00:00,63.21,68.83,STABLE,NO_CHANGE,Ortalama CPU (68.8) normal aralikta,2,2
2026-07-29T14:03:58.700792+00:00,53.87,61.13,FALLING,NO_CHANGE,Ortalama CPU (61.1) normal aralikta,2,2
2026-07-29T14:04:30.539967+00:00,47.28,54.78,FALLING,NO_CHANGE,Ortalama CPU (54.8) normal aralikta,2,2
2026-07-29T14:05:03.035643+00:00,37.66,46.27,FALLING,NO_CHANGE,Ortalama CPU (46.3) normal aralikta,2,2
2026-07-29T14:05:36.745534+00:00,37.66,40.87,FALLING,NO_CHANGE,Ortalama CPU (40.9) normal aralikta,2,2
2026-07-30T11:53:00.517011+00:00,45.11,,,NO_CHANGE,Yeterli veri birikmedi (isinma periyodu),1,1
2026-07-30T11:53:32.205391+00:00,47.66,,,NO_CHANGE,Yeterli veri birikmedi (isinma periyodu),1,1
2026-07-30T11:54:03.880076+00:00,63.32,52.03,INSUFFICIENT_DATA,NO_CHANGE,Ortalama CPU (52.0) normal aralikta,1,1
2026-07-30T11:54:35.513049+00:00,63.32,58.1,RISING,NO_CHANGE,Ortalama CPU (58.1) normal aralikta,1,1
2026-07-30T11:55:07.191036+00:00,75.75,67.47,RISING,NO_CHANGE,Ortalama CPU (67.5) normal aralikta,2,2
2026-07-30T11:55:39.414913+00:00,75.75,71.61,RISING,SCALE_UP,Ortalama CPU (71.6) esik degerini (70) asti,2,3
2026-07-30T11:56:11.051887+00:00,88.19,79.9,RISING,NO_CHANGE,"Cooldown aktif, kalan sure: 148sn",3,3
2026-07-30T11:56:42.773976+00:00,88.19,84.05,RISING,NO_CHANGE,"Cooldown aktif, kalan sure: 116sn",3,3
2026-07-30T11:57:14.514583+00:00,81.0,85.8,RISING,NO_CHANGE,"Cooldown aktif, kalan sure: 84sn",4,4
2026-07-30T11:57:45.993344+00:00,65.56,78.25,RISING,NO_CHANGE,"Cooldown aktif, kalan sure: 53sn",4,4
2026-07-30T12:02:52.036578+00:00,4.08,,,NO_CHANGE,Yeterli veri birikmedi (isinma periyodu),4,4
2026-07-30T12:03:23.450996+00:00,0.63,,,NO_CHANGE,Yeterli veri birikmedi (isinma periyodu),3,3
