timestamp,cpu,action,reason,current_cpu,avg_cpu,trend
2026-07-22T10:09:46.251929+00:00,0.6056431730588278,NO_CHANGE,Yeterli veri birikmedi (isinma periyodu),,,
2026-07-22T10:10:17.420819+00:00,0.6056431730588278,NO_CHANGE,Yeterli veri birikmedi (isinma periyodu),,,
2026-07-22T10:10:48.857874+00:00,0.6122162938117981,NO_CHANGE,Yeterli veri birikmedi (isinma periyodu),,,
2026-07-22T10:11:20.639141+00:00,0.6122162938117981,NO_CHANGE,Yeterli veri birikmedi (isinma periyodu),,,
2026-07-22T10:11:51.840381+00:00,0.6094651818275452,SCALE_DOWN,Ortalama CPU (0.6) esik degerinin (20) altinda ve yukselme trendi yok,0.6094651818275452,0.61,STABLE
2026-07-22T10:12:23.201055+00:00,0.6094651818275452,NO_CHANGE,"Cooldown aktif, kalan sure: 120sn",0.6094651818275452,0.61,STABLE
2026-07-22T10:12:54.375619+00:00,0.6050080259641012,NO_CHANGE,"Cooldown aktif, kalan sure: 120sn",0.6050080259641012,0.61,STABLE
2026-07-22T10:13:25.930543+00:00,0.6050080259641012,NO_CHANGE,"Cooldown aktif, kalan sure: 120sn",0.6050080259641012,0.61,STABLE
2026-07-22T10:13:57.575444+00:00,0.5964935223261515,NO_CHANGE,"Cooldown aktif, kalan sure: 120sn",0.5964935223261515,0.61,STABLE
2026-07-22T10:14:29.937935+00:00,0.5964935223261515,NO_CHANGE,"Cooldown aktif, kalan sure: 120sn",0.5964935223261515,0.6,STABLE
2026-07-22T10:15:01.794768+00:00,0.6087729334831238,NO_CHANGE,"Cooldown aktif, kalan sure: 120sn",0.6087729334831238,0.6,STABLE
2026-07-22T10:15:32.912154+00:00,0.6087729334831238,NO_CHANGE,"Cooldown aktif, kalan sure: 120sn",0.6087729334831238,0.6,STABLE
2026-07-22T10:16:04.359755+00:00,0.6008969148000082,NO_CHANGE,"Cooldown aktif, kalan sure: 120sn",0.6008969148000082,0.6,STABLE
2026-07-22T10:16:35.776987+00:00,0.6008969148000082,NO_CHANGE,"Cooldown aktif, kalan sure: 120sn",0.6008969148000082,0.6,STABLE
2026-07-22T10:17:06.797213+00:00,2.3112791180610657,NO_CHANGE,"Cooldown aktif, kalan sure: 120sn",2.3112791180610657,0.95,RISING
2026-07-22T10:17:38.457749+00:00,2.3112791180610657,NO_CHANGE,"Cooldown aktif, kalan sure: 120sn",2.3112791180610657,1.29,RISING
2026-07-22T10:18:09.680130+00:00,2.875706513722738,NO_CHANGE,"Cooldown aktif, kalan sure: 120sn",2.875706513722738,1.74,RISING
2026-07-22T10:18:42.448261+00:00,3.489064772923788,NO_CHANGE,"Cooldown aktif, kalan sure: 120sn",3.489064772923788,2.32,RISING
2026-07-22T10:19:14.001498+00:00,3.489064772923788,NO_CHANGE,"Cooldown aktif, kalan sure: 120sn",3.489064772923788,2.9,RISING
2026-07-22T10:19:45.424181+00:00,3.0369327863057456,NO_CHANGE,"Cooldown aktif, kalan sure: 120sn",3.0369327863057456,3.04,RISING
2026-07-22T10:20:16.816655+00:00,3.0369327863057456,NO_CHANGE,"Cooldown aktif, kalan sure: 120sn",3.0369327863057456,3.19,RISING
2026-07-22T10:20:48.866100+00:00,3.2641266187032065,NO_CHANGE,"Cooldown aktif, kalan sure: 120sn",3.2641266187032065,3.26,RISING
2026-07-22T10:21:21.372610+00:00,3.2641266187032065,NO_CHANGE,"Cooldown aktif, kalan sure: 120sn",3.2641266187032065,3.22,RISING
2026-07-22T10:21:52.767201+00:00,20.360637585322063,NO_CHANGE,"Cooldown aktif, kalan sure: 120sn",20.360637585322063,6.59,RISING
2026-07-22T10:22:24.043462+00:00,20.360637585322063,NO_CHANGE,"Cooldown aktif, kalan sure: 120sn",20.360637585322063,10.06,RISING
2026-07-22T10:22:55.069920+00:00,29.98158836364746,NO_CHANGE,"Cooldown aktif, kalan sure: 120sn",29.98158836364746,15.45,RISING
2026-07-22T10:23:26.088382+00:00,29.98158836364746,NO_CHANGE,"Cooldown aktif, kalan sure: 120sn",29.98158836364746,20.79,RISING
2026-07-22T10:29:31.051631+00:00,0.6063380042711893,NO_CHANGE,"Cooldown aktif, kalan sure: 120sn",0.6063380042711893,20.26,RISING
2026-07-22T10:30:04.897251+00:00,0.6543154915173849,NO_CHANGE,"Cooldown aktif, kalan sure: 120sn",0.6543154915173849,16.32,RISING
2026-07-22T10:30:36.017794+00:00,0.6543154915173849,NO_CHANGE,"Cooldown aktif, kalan sure: 120sn",0.6543154915173849,12.38,RISING
2026-07-22T10:31:07.628230+00:00,33.74116390943527,NO_CHANGE,"Cooldown aktif, kalan sure: 120sn",33.74116390943527,13.13,FALLING
2026-07-22T10:31:39.103923+00:00,33.74116390943527,NO_CHANGE,"Cooldown aktif, kalan sure: 120sn",33.74116390943527,13.88,FALLING
2026-07-22T10:32:10.884486+00:00,99.94471486409503,NO_CHANGE,"Cooldown aktif, kalan sure: 120sn",99.94471486409503,33.75,RISING
2026-07-22T10:32:41.935030+00:00,99.98054758707684,NO_CHANGE,"Cooldown aktif, kalan sure: 120sn",99.98054758707684,53.61,RISING
2026-07-22T10:33:13.173653+00:00,99.98054758707684,NO_CHANGE,"Cooldown aktif, kalan sure: 120sn",99.98054758707684,73.48,RISING
2026-07-22T10:33:44.686347+00:00,60.498072942097984,NO_CHANGE,"Cooldown aktif, kalan sure: 120sn",60.498072942097984,78.83,RISING
2026-07-22T10:34:16.202809+00:00,60.498072942097984,NO_CHANGE,"Cooldown aktif, kalan sure: 120sn",60.498072942097984,84.18,RISING
2026-07-22T10:34:47.688018+00:00,29.751195212205253,NO_CHANGE,"Cooldown aktif, kalan sure: 120sn",29.751195212205253,70.14,RISING
2026-07-22T10:35:19.185379+00:00,29.751195212205253,NO_CHANGE,"Cooldown aktif, kalan sure: 120sn",29.751195212205253,56.1,STABLE
2026-07-22T10:35:50.715923+00:00,1.5623449285825095,NO_CHANGE,"Cooldown aktif, kalan sure: 120sn",1.5623449285825095,36.41,FALLING
2026-07-22T10:36:22.302710+00:00,1.5623449285825095,NO_CHANGE,"Cooldown aktif, kalan sure: 120sn",1.5623449285825095,24.63,FALLING
2026-07-22T10:36:53.954667+00:00,1.4503566523392994,NO_CHANGE,"Cooldown aktif, kalan sure: 120sn",1.4503566523392994,12.82,FALLING
2026-07-22T10:37:26.005464+00:00,1.4503566523392994,NO_CHANGE,"Cooldown aktif, kalan sure: 120sn",1.4503566523392994,7.16,FALLING
2026-07-22T10:37:57.561672+00:00,1.4620679914951324,NO_CHANGE,"Cooldown aktif, kalan sure: 120sn",1.4620679914951324,1.5,FALLING
2026-07-22T10:38:46.305047+00:00,1.5527788698673248,NO_CHANGE,"Cooldown aktif, kalan sure: 120sn",1.5527788698673248,1.5,FALLING
2026-07-22T10:39:18.964453+00:00,1.5527788698673248,NO_CHANGE,"Cooldown aktif, kalan sure: 120sn",1.5527788698673248,1.49,FALLING
2026-07-22T10:39:50.505218+00:00,1.003500590721766,NO_CHANGE,"Cooldown aktif, kalan sure: 120sn",1.003500590721766,1.4,FALLING
2026-07-22T10:40:21.989617+00:00,1.003500590721766,NO_CHANGE,"Cooldown aktif, kalan sure: 120sn",1.003500590721766,1.31,FALLING
2026-07-22T10:40:54.649109+00:00,2.872648080190023,NO_CHANGE,"Cooldown aktif, kalan sure: 120sn",2.872648080190023,1.6,RISING
2026-07-22T10:41:26.159034+00:00,2.872648080190023,NO_CHANGE,"Cooldown aktif, kalan sure: 120sn",2.872648080190023,1.86,RISING
2026-07-22T10:41:57.435504+00:00,2.881553173065185,NO_CHANGE,"Cooldown aktif, kalan sure: 120sn",2.881553173065185,2.13,RISING
2026-07-22T10:42:29.008637+00:00,2.881553173065185,NO_CHANGE,"Cooldown aktif, kalan sure: 120sn",2.881553173065185,2.5,RISING
2026-07-22T10:43:00.746545+00:00,2.848986546198527,NO_CHANGE,"Cooldown aktif, kalan sure: 120sn",2.848986546198527,2.87,RISING
2026-07-22T10:43:32.089211+00:00,2.848986546198527,NO_CHANGE,"Cooldown aktif, kalan sure: 120sn",2.848986546198527,2.87,RISING
2026-07-22T10:44:03.769292+00:00,9.132538636525473,NO_CHANGE,"Cooldown aktif, kalan sure: 120sn",9.132538636525473,4.12,RISING
2026-07-22T10:44:35.275453+00:00,9.132538636525473,NO_CHANGE,"Cooldown aktif, kalan sure: 120sn",9.132538636525473,5.37,RISING
2026-07-22T10:45:06.763035+00:00,30.913706461588543,NO_CHANGE,"Cooldown aktif, kalan sure: 120sn",30.913706461588543,10.98,RISING
2026-07-22T10:45:38.279641+00:00,30.913706461588543,NO_CHANGE,"Cooldown aktif, kalan sure: 120sn",30.913706461588543,16.59,RISING
2026-07-22T10:46:09.684804+00:00,29.6588560740153,NO_CHANGE,"Cooldown aktif, kalan sure: 120sn",29.6588560740153,21.95,RISING
2026-07-22T10:46:40.744182+00:00,29.6588560740153,NO_CHANGE,"Cooldown aktif, kalan sure: 120sn",29.6588560740153,26.06,RISING
2026-07-22T10:47:11.967166+00:00,32.18343035380045,NO_CHANGE,"Cooldown aktif, kalan sure: 120sn",32.18343035380045,30.67,RISING
2026-07-22T10:47:43.426363+00:00,31.91641934712728,NO_CHANGE,"Cooldown aktif, kalan sure: 120sn",31.91641934712728,30.87,RISING
2026-07-22T10:48:14.885750+00:00,31.91641934712728,NO_CHANGE,"Cooldown aktif, kalan sure: 120sn",31.91641934712728,31.07,RISING
2026-07-22T10:48:47.357237+00:00,38.68159039815267,NO_CHANGE,"Cooldown aktif, kalan sure: 120sn",38.68159039815267,32.87,RISING
2026-07-22T10:49:18.647432+00:00,38.68159039815267,NO_CHANGE,"Cooldown aktif, kalan sure: 120sn",38.68159039815267,34.68,RISING
2026-07-22T10:49:50.261260+00:00,99.92687479654948,NO_CHANGE,"Cooldown aktif, kalan sure: 120sn",99.92687479654948,48.22,RISING
2026-07-22T10:50:21.706896+00:00,99.92687479654948,NO_CHANGE,"Cooldown aktif, kalan sure: 120sn",99.92687479654948,61.83,RISING
2026-07-22T10:50:53.236339+00:00,50.0,NO_CHANGE,"Cooldown aktif, kalan sure: 120sn",50.0,65.44,RISING
2026-07-22T10:51:24.678497+00:00,50.0,NO_CHANGE,"Cooldown aktif, kalan sure: 120sn",50.0,67.71,RISING
2026-07-22T10:51:56.161059+00:00,76.34214464823404,NO_CHANGE,"Cooldown aktif, kalan sure: 120sn",76.34214464823404,75.24,RISING
2026-07-22T10:52:27.636088+00:00,76.34214464823404,NO_CHANGE,"Cooldown aktif, kalan sure: 120sn",76.34214464823404,70.52,RISING
2026-07-22T10:52:59.144533+00:00,17.734102725982666,NO_CHANGE,"Cooldown aktif, kalan sure: 120sn",17.734102725982666,54.08,FALLING
2026-07-22T10:53:30.609392+00:00,17.734102725982666,NO_CHANGE,"Cooldown aktif, kalan sure: 120sn",17.734102725982666,47.63,FALLING
2026-07-22T10:54:02.284358+00:00,1.4883742928504944,NO_CHANGE,"Cooldown aktif, kalan sure: 120sn",1.4883742928504944,37.93,FALLING
2026-07-22T10:54:33.934202+00:00,1.4883742928504944,NO_CHANGE,"Cooldown aktif, kalan sure: 120sn",1.4883742928504944,22.96,FALLING
2026-07-22T10:55:05.436335+00:00,1.479149987300237,NO_CHANGE,"Cooldown aktif, kalan sure: 120sn",1.479149987300237,7.98,FALLING
2026-07-22T10:55:36.960571+00:00,1.479149987300237,NO_CHANGE,"Cooldown aktif, kalan sure: 120sn",1.479149987300237,4.73,FALLING
2026-07-22T10:56:08.326391+00:00,1.4653260310490923,NO_CHANGE,"Cooldown aktif, kalan sure: 120sn",1.4653260310490923,1.48,FALLING
2026-07-22T10:56:39.866163+00:00,1.4653260310490923,NO_CHANGE,"Cooldown aktif, kalan sure: 120sn",1.4653260310490923,1.48,FALLING
2026-07-22T10:57:11.479343+00:00,1.4596965859333677,NO_CHANGE,"Cooldown aktif, kalan sure: 120sn",1.4596965859333677,1.47,FALLING
2026-07-22T10:57:43.074624+00:00,3.3121586640675864,NO_CHANGE,"Cooldown aktif, kalan sure: 120sn",3.3121586640675864,1.84,FALLING
2026-07-22T10:58:14.496018+00:00,3.3121586640675864,NO_CHANGE,"Cooldown aktif, kalan sure: 120sn",3.3121586640675864,2.2,FALLING
2026-07-22T10:58:46.002521+00:00,3.437388102213541,NO_CHANGE,"Cooldown aktif, kalan sure: 120sn",3.437388102213541,2.6,RISING
2026-07-22T10:59:17.448735+00:00,3.437388102213541,NO_CHANGE,"Cooldown aktif, kalan sure: 120sn",3.437388102213541,2.99,RISING
2026-07-22T10:59:49.002852+00:00,3.1049207051595054,NO_CHANGE,"Cooldown aktif, kalan sure: 120sn",3.1049207051595054,3.32,RISING
2026-07-22T11:00:20.493915+00:00,3.1049207051595054,NO_CHANGE,"Cooldown aktif, kalan sure: 120sn",3.1049207051595054,3.28,RISING
2026-07-22T11:00:51.990161+00:00,2.8558592001597085,NO_CHANGE,"Cooldown aktif, kalan sure: 120sn",2.8558592001597085,3.19,RISING
2026-07-22T11:01:23.067443+00:00,2.8558592001597085,NO_CHANGE,"Cooldown aktif, kalan sure: 120sn",2.8558592001597085,3.07,RISING
2026-07-22T11:01:54.216522+00:00,3.126392364501953,NO_CHANGE,"Cooldown aktif, kalan sure: 120sn",3.126392364501953,3.01,STABLE
2026-07-22T11:02:25.356525+00:00,3.126392364501953,NO_CHANGE,"Cooldown aktif, kalan sure: 120sn",3.126392364501953,3.01,FALLING
2026-07-22T11:02:56.458666+00:00,31.43292808532715,NO_CHANGE,"Cooldown aktif, kalan sure: 120sn",31.43292808532715,8.68,RISING
2026-07-22T11:03:27.935793+00:00,31.43292808532715,NO_CHANGE,"Cooldown aktif, kalan sure: 120sn",31.43292808532715,14.39,RISING
2026-07-22T11:03:59.319686+00:00,31.201701482137043,NO_CHANGE,"Cooldown aktif, kalan sure: 120sn",31.201701482137043,20.06,RISING
2026-07-22T11:04:30.754546+00:00,31.201701482137043,NO_CHANGE,"Cooldown aktif, kalan sure: 120sn",31.201701482137043,25.68,RISING
2026-07-22T11:05:02.348390+00:00,31.23222478230794,NO_CHANGE,"Cooldown aktif, kalan sure: 120sn",31.23222478230794,31.3,RISING
2026-07-22T11:05:33.836862+00:00,31.23222478230794,NO_CHANGE,"Cooldown aktif, kalan sure: 120sn",31.23222478230794,31.26,RISING
2026-07-22T11:06:05.325228+00:00,31.18092854817708,NO_CHANGE,"Cooldown aktif, kalan sure: 120sn",31.18092854817708,31.21,RISING
2026-07-22T11:06:36.787210+00:00,31.18092854817708,NO_CHANGE,"Cooldown aktif, kalan sure: 120sn",31.18092854817708,31.21,RISING
2026-07-22T11:07:08.237394+00:00,32.364474614461265,NO_CHANGE,"Cooldown aktif, kalan sure: 120sn",32.364474614461265,31.44,RISING
2026-07-22T11:07:39.336890+00:00,32.364474614461265,NO_CHANGE,"Cooldown aktif, kalan sure: 120sn",32.364474614461265,31.66,STABLE
2026-07-22T11:08:10.355924+00:00,99.991455078125,NO_CHANGE,"Cooldown aktif, kalan sure: 120sn",99.991455078125,45.42,RISING
2026-07-22T11:08:41.535353+00:00,99.98253885904948,NO_CHANGE,"Cooldown aktif, kalan sure: 120sn",99.98253885904948,59.18,RISING
2026-07-22T11:09:12.635119+00:00,99.98253885904948,NO_CHANGE,"Cooldown aktif, kalan sure: 120sn",99.98253885904948,72.94,RISING
2026-07-22T11:09:43.791500+00:00,49.98720550537109,NO_CHANGE,"Cooldown aktif, kalan sure: 120sn",49.98720550537109,76.46,RISING
2026-07-22T11:10:14.833774+00:00,49.98720550537109,NO_CHANGE,"Cooldown aktif, kalan sure: 120sn",49.98720550537109,79.99,RISING
2026-07-22T11:10:45.911073+00:00,53.072659422953926,NO_CHANGE,"Cooldown aktif, kalan sure: 120sn",53.072659422953926,70.6,RISING
2026-07-22T11:11:17.073865+00:00,53.072659422953926,NO_CHANGE,"Cooldown aktif, kalan sure: 120sn",53.072659422953926,61.22,STABLE
2026-07-22T11:11:48.289415+00:00,14.646738837162651,NO_CHANGE,"Cooldown aktif, kalan sure: 120sn",14.646738837162651,44.15,FALLING
2026-07-22T11:12:19.338561+00:00,14.646738837162651,NO_CHANGE,"Cooldown aktif, kalan sure: 120sn",14.646738837162651,37.09,FALLING
2026-07-22T11:12:50.468056+00:00,1.4529552857081096,NO_CHANGE,"Cooldown aktif, kalan sure: 120sn",1.4529552857081096,27.38,FALLING
2026-07-22T11:18:01.071100+00:00,0.6005855798721313,NO_CHANGE,"Cooldown aktif, kalan sure: 120sn",0.6005855798721313,16.88,FALLING
2026-07-22T11:18:34.173202+00:00,0.6005855798721313,NO_CHANGE,"Cooldown aktif, kalan sure: 120sn",0.6005855798721313,6.39,FALLING
2026-07-22T11:19:05.508169+00:00,0.6003894209861755,NO_CHANGE,"Cooldown aktif, kalan sure: 120sn",0.6003894209861755,3.58,FALLING
2026-07-22T11:19:36.901002+00:00,0.6003894209861755,NO_CHANGE,"Cooldown aktif, kalan sure: 120sn",0.6003894209861755,0.77,FALLING
2026-07-22T11:20:08.148397+00:00,0.5792320966720581,NO_CHANGE,"Cooldown aktif, kalan sure: 120sn",0.5792320966720581,0.6,FALLING
2026-07-22T11:20:39.222334+00:00,0.5792320966720581,NO_CHANGE,"Cooldown aktif, kalan sure: 120sn",0.5792320966720581,0.59,FALLING
2026-07-22T11:21:10.354634+00:00,0.5998939474423727,NO_CHANGE,"Cooldown aktif, kalan sure: 120sn",0.5998939474423727,0.59,FALLING
2026-07-22T11:21:41.484546+00:00,0.6109130183855692,NO_CHANGE,"Cooldown aktif, kalan sure: 120sn",0.6109130183855692,0.59,FALLING
2026-07-22T11:22:13.237593+00:00,0.6109130183855692,NO_CHANGE,"Cooldown aktif, kalan sure: 120sn",0.6109130183855692,0.6,FALLING
2026-07-22T11:22:44.943541+00:00,0.605505108833313,NO_CHANGE,"Cooldown aktif, kalan sure: 120sn",0.605505108833313,0.6,STABLE
2026-07-22T11:23:16.431208+00:00,0.605505108833313,NO_CHANGE,"Cooldown aktif, kalan sure: 120sn",0.605505108833313,0.61,STABLE
2026-07-22T11:23:49.215059+00:00,0.6106338500976562,NO_CHANGE,"Cooldown aktif, kalan sure: 120sn",0.6106338500976562,0.61,STABLE
2026-07-22T11:24:20.809807+00:00,0.6106338500976562,NO_CHANGE,"Cooldown aktif, kalan sure: 120sn",0.6106338500976562,0.61,STABLE
2026-07-22T11:24:52.535626+00:00,0.5963045358657837,NO_CHANGE,"Cooldown aktif, kalan sure: 120sn",0.5963045358657837,0.61,STABLE
2026-07-22T11:25:24.259318+00:00,0.5963045358657837,NO_CHANGE,"Cooldown aktif, kalan sure: 120sn",0.5963045358657837,0.6,STABLE
2026-07-22T11:25:56.171921+00:00,0.6086721022923788,NO_CHANGE,"Cooldown aktif, kalan sure: 120sn",0.6086721022923788,0.6,STABLE
2026-07-22T11:26:27.755737+00:00,0.6086721022923788,NO_CHANGE,"Cooldown aktif, kalan sure: 120sn",0.6086721022923788,0.6,STABLE
2026-07-22T11:26:59.341071+00:00,0.6062394579251608,NO_CHANGE,"Cooldown aktif, kalan sure: 120sn",0.6062394579251608,0.6,STABLE
2026-07-22T11:27:31.065682+00:00,0.6062394579251608,NO_CHANGE,"Cooldown aktif, kalan sure: 120sn",0.6062394579251608,0.61,STABLE
2026-07-22T11:28:02.998576+00:00,0.5917705098787943,NO_CHANGE,"Cooldown aktif, kalan sure: 120sn",0.5917705098787943,0.6,STABLE
2026-07-22T11:28:37.582388+00:00,0.5917705098787943,NO_CHANGE,"Cooldown aktif, kalan sure: 120sn",0.5917705098787943,0.6,STABLE
2026-07-22T11:29:09.054121+00:00,0.6067258914311727,NO_CHANGE,"Cooldown aktif, kalan sure: 120sn",0.6067258914311727,0.6,STABLE
2026-07-22T11:29:40.713660+00:00,0.6067258914311727,NO_CHANGE,"Cooldown aktif, kalan sure: 120sn",0.6067258914311727,0.6,STABLE
2026-07-22T11:30:12.408478+00:00,0.602405329545339,NO_CHANGE,"Cooldown aktif, kalan sure: 120sn",0.602405329545339,0.6,STABLE
2026-07-22T11:30:43.842008+00:00,0.6043041348457336,NO_CHANGE,"Cooldown aktif, kalan sure: 120sn",0.6043041348457336,0.6,STABLE
2026-07-22T11:31:15.245899+00:00,0.6043041348457336,NO_CHANGE,"Cooldown aktif, kalan sure: 120sn",0.6043041348457336,0.6,STABLE
2026-07-22T11:31:46.772913+00:00,0.5954702695210775,NO_CHANGE,"Cooldown aktif, kalan sure: 120sn",0.5954702695210775,0.6,STABLE
2026-07-22T11:32:18.216461+00:00,0.5954702695210775,NO_CHANGE,"Cooldown aktif, kalan sure: 120sn",0.5954702695210775,0.6,STABLE
2026-07-22T11:32:49.749825+00:00,0.596065084139506,NO_CHANGE,"Cooldown aktif, kalan sure: 120sn",0.596065084139506,0.6,STABLE
2026-07-22T11:33:21.467493+00:00,0.596065084139506,NO_CHANGE,"Cooldown aktif, kalan sure: 120sn",0.596065084139506,0.6,STABLE
2026-07-22T11:33:52.921491+00:00,0.60560409228007,NO_CHANGE,"Cooldown aktif, kalan sure: 120sn",0.60560409228007,0.6,STABLE
2026-07-22T11:34:24.852774+00:00,0.60560409228007,NO_CHANGE,"Cooldown aktif, kalan sure: 120sn",0.60560409228007,0.6,STABLE
2026-07-22T11:34:56.582781+00:00,0.6092872023582458,NO_CHANGE,"Cooldown aktif, kalan sure: 120sn",0.6092872023582458,0.6,STABLE
2026-07-22T11:35:28.169501+00:00,0.6092872023582458,NO_CHANGE,"Cooldown aktif, kalan sure: 120sn",0.6092872023582458,0.61,STABLE
2026-07-22T11:36:00.070681+00:00,0.6050606966018677,NO_CHANGE,"Cooldown aktif, kalan sure: 120sn",0.6050606966018677,0.61,STABLE
2026-07-22T11:36:32.168696+00:00,0.6050606966018677,NO_CHANGE,"Cooldown aktif, kalan sure: 120sn",0.6050606966018677,0.61,STABLE
2026-07-22T11:37:04.116234+00:00,0.6192304690678915,NO_CHANGE,"Cooldown aktif, kalan sure: 120sn",0.6192304690678915,0.61,STABLE
2026-07-22T11:37:35.522833+00:00,0.6192304690678915,NO_CHANGE,"Cooldown aktif, kalan sure: 120sn",0.6192304690678915,0.61,STABLE
2026-07-22T11:38:06.957790+00:00,0.5950972636540731,NO_CHANGE,"Cooldown aktif, kalan sure: 120sn",0.5950972636540731,0.61,STABLE
2026-07-22T11:38:38.658893+00:00,0.5950972636540731,NO_CHANGE,"Cooldown aktif, kalan sure: 120sn",0.5950972636540731,0.61,STABLE
2026-07-22T11:39:10.343509+00:00,0.6049800912539164,NO_CHANGE,"Cooldown aktif, kalan sure: 120sn",0.6049800912539164,0.61,STABLE
2026-07-22T11:39:41.874057+00:00,0.6248990297317505,NO_CHANGE,"Cooldown aktif, kalan sure: 120sn",0.6248990297317505,0.61,STABLE
2026-07-22T11:40:13.551662+00:00,0.6248990297317505,NO_CHANGE,"Cooldown aktif, kalan sure: 120sn",0.6248990297317505,0.61,STABLE
2026-07-22T11:41:04.334285+00:00,0.6019465724627177,NO_CHANGE,"Cooldown aktif, kalan sure: 120sn",0.6019465724627177,0.61,STABLE
2026-07-22T11:41:37.318088+00:00,0.6019465724627177,NO_CHANGE,"Cooldown aktif, kalan sure: 120sn",0.6019465724627177,0.61,STABLE
2026-07-22T11:42:09.181489+00:00,0.6001224915186564,NO_CHANGE,"Cooldown aktif, kalan sure: 120sn",0.6001224915186564,0.61,STABLE
2026-07-22T11:42:41.111572+00:00,0.6047534147898356,NO_CHANGE,"Cooldown aktif, kalan sure: 120sn",0.6047534147898356,0.61,STABLE
2026-07-22T11:43:12.549016+00:00,0.6047534147898356,NO_CHANGE,"Cooldown aktif, kalan sure: 120sn",0.6047534147898356,0.6,STABLE
2026-07-22T11:43:44.050072+00:00,0.5955039858818054,NO_CHANGE,"Cooldown aktif, kalan sure: 120sn",0.5955039858818054,0.6,STABLE
2026-07-22T11:44:15.592049+00:00,0.5955039858818054,NO_CHANGE,"Cooldown aktif, kalan sure: 120sn",0.5955039858818054,0.6,STABLE
2026-07-22T11:44:47.617370+00:00,0.6048649946848551,NO_CHANGE,"Cooldown aktif, kalan sure: 120sn",0.6048649946848551,0.6,STABLE
2026-07-22T11:45:19.663779+00:00,0.6048649946848551,NO_CHANGE,"Cooldown aktif, kalan sure: 120sn",0.6048649946848551,0.6,STABLE
2026-07-22T11:45:51.161997+00:00,0.5938769181569418,NO_CHANGE,"Cooldown aktif, kalan sure: 120sn",0.5938769181569418,0.6,STABLE
2026-07-22T11:46:22.587406+00:00,0.5938769181569418,NO_CHANGE,"Cooldown aktif, kalan sure: 120sn",0.5938769181569418,0.6,STABLE
2026-07-22T11:46:54.309829+00:00,0.5963995854059855,NO_CHANGE,"Cooldown aktif, kalan sure: 120sn",0.5963995854059855,0.6,STABLE
2026-07-22T11:47:25.942762+00:00,0.5963995854059855,NO_CHANGE,"Cooldown aktif, kalan sure: 120sn",0.5963995854059855,0.6,STABLE
2026-07-22T11:47:57.691022+00:00,0.598672350247701,NO_CHANGE,"Cooldown aktif, kalan sure: 120sn",0.598672350247701,0.6,STABLE
2026-07-22T11:48:29.158608+00:00,0.598672350247701,NO_CHANGE,"Cooldown aktif, kalan sure: 120sn",0.598672350247701,0.6,STABLE
2026-07-22T11:49:01.426638+00:00,0.6145170529683431,NO_CHANGE,"Cooldown aktif, kalan sure: 120sn",0.6145170529683431,0.6,STABLE
2026-07-22T11:49:32.892711+00:00,0.6145170529683431,NO_CHANGE,"Cooldown aktif, kalan sure: 120sn",0.6145170529683431,0.6,STABLE
2026-07-22T11:50:04.486516+00:00,0.6052081982294718,NO_CHANGE,"Cooldown aktif, kalan sure: 120sn",0.6052081982294718,0.61,STABLE
2026-07-22T11:50:36.853466+00:00,0.6052081982294718,NO_CHANGE,"Cooldown aktif, kalan sure: 120sn",0.6052081982294718,0.61,STABLE
2026-07-22T11:51:07.989715+00:00,0.596830944220225,NO_CHANGE,"Cooldown aktif, kalan sure: 120sn",0.596830944220225,0.61,STABLE
2026-07-22T11:51:39.514388+00:00,0.596830944220225,NO_CHANGE,"Cooldown aktif, kalan sure: 120sn",0.596830944220225,0.6,STABLE
2026-07-22T11:52:10.971005+00:00,0.6094757318496704,NO_CHANGE,"Cooldown aktif, kalan sure: 120sn",0.6094757318496704,0.6,STABLE
2026-07-22T11:52:42.505315+00:00,0.6042707363764445,NO_CHANGE,"Cooldown aktif, kalan sure: 120sn",0.6042707363764445,0.6,STABLE
2026-07-22T11:53:14.161109+00:00,0.6042707363764445,NO_CHANGE,"Cooldown aktif, kalan sure: 120sn",0.6042707363764445,0.6,STABLE
2026-07-22T11:53:45.937984+00:00,0.6061175862948099,NO_CHANGE,"Cooldown aktif, kalan sure: 120sn",0.6061175862948099,0.6,STABLE
2026-07-22T11:54:17.352549+00:00,0.6061175862948099,NO_CHANGE,"Cooldown aktif, kalan sure: 120sn",0.6061175862948099,0.61,STABLE
2026-07-22T11:54:48.767282+00:00,0.6082222064336141,NO_CHANGE,"Cooldown aktif, kalan sure: 120sn",0.6082222064336141,0.61,STABLE
2026-07-22T11:55:20.202948+00:00,0.6082222064336141,NO_CHANGE,"Cooldown aktif, kalan sure: 120sn",0.6082222064336141,0.61,STABLE
2026-07-22T11:55:51.653445+00:00,0.6053590575853983,NO_CHANGE,"Cooldown aktif, kalan sure: 120sn",0.6053590575853983,0.61,STABLE
2026-07-22T11:56:23.405827+00:00,0.6053590575853983,NO_CHANGE,"Cooldown aktif, kalan sure: 120sn",0.6053590575853983,0.61,STABLE
2026-07-22T11:56:54.820982+00:00,0.6059547464052836,NO_CHANGE,"Cooldown aktif, kalan sure: 120sn",0.6059547464052836,0.61,STABLE
2026-07-22T11:57:26.283095+00:00,0.6059547464052836,NO_CHANGE,"Cooldown aktif, kalan sure: 120sn",0.6059547464052836,0.61,STABLE
2026-07-22T11:57:57.599934+00:00,0.5957999229431152,NO_CHANGE,"Cooldown aktif, kalan sure: 120sn",0.5957999229431152,0.6,STABLE
2026-07-22T11:58:30.091931+00:00,0.5957999229431152,NO_CHANGE,"Cooldown aktif, kalan sure: 120sn",0.5957999229431152,0.6,STABLE
2026-07-22T11:59:01.798244+00:00,0.6003977656364441,NO_CHANGE,"Cooldown aktif, kalan sure: 120sn",0.6003977656364441,0.6,STABLE
2026-07-22T11:59:33.646293+00:00,0.6003977656364441,NO_CHANGE,"Cooldown aktif, kalan sure: 120sn",0.6003977656364441,0.6,STABLE
2026-07-22T12:00:05.088756+00:00,0.6064635713895162,NO_CHANGE,"Cooldown aktif, kalan sure: 120sn",0.6064635713895162,0.6,STABLE
2026-07-22T12:00:36.516170+00:00,0.6064635713895162,NO_CHANGE,"Cooldown aktif, kalan sure: 120sn",0.6064635713895162,0.6,STABLE
2026-07-22T12:01:08.175841+00:00,0.6115408341089884,NO_CHANGE,"Cooldown aktif, kalan sure: 120sn",0.6115408341089884,0.61,STABLE
2026-07-22T12:01:39.699515+00:00,0.6115408341089884,NO_CHANGE,"Cooldown aktif, kalan sure: 120sn",0.6115408341089884,0.61,STABLE
2026-07-22T12:02:12.063727+00:00,0.6070501406987509,NO_CHANGE,"Cooldown aktif, kalan sure: 120sn",0.6070501406987509,0.61,STABLE
2026-07-22T12:02:43.458803+00:00,0.6157325506210327,NO_CHANGE,"Cooldown aktif, kalan sure: 120sn",0.6157325506210327,0.61,STABLE
2026-07-22T12:03:14.790480+00:00,0.6157325506210327,NO_CHANGE,"Cooldown aktif, kalan sure: 120sn",0.6157325506210327,0.61,STABLE
2026-07-22T12:03:46.233600+00:00,0.6167950828870138,NO_CHANGE,"Cooldown aktif, kalan sure: 120sn",0.6167950828870138,0.61,STABLE
2026-07-22T12:04:17.663680+00:00,0.6167950828870138,NO_CHANGE,"Cooldown aktif, kalan sure: 120sn",0.6167950828870138,0.61,STABLE
2026-07-22T12:04:49.141885+00:00,0.606376588344574,NO_CHANGE,"Cooldown aktif, kalan sure: 120sn",0.606376588344574,0.61,STABLE
2026-07-22T12:05:20.578426+00:00,0.606376588344574,NO_CHANGE,"Cooldown aktif, kalan sure: 120sn",0.606376588344574,0.61,STABLE
2026-07-22T12:05:52.015173+00:00,0.5926796992619833,NO_CHANGE,"Cooldown aktif, kalan sure: 120sn",0.5926796992619833,0.61,STABLE
2026-07-22T12:06:23.550258+00:00,0.5926796992619833,NO_CHANGE,"Cooldown aktif, kalan sure: 120sn",0.5926796992619833,0.6,STABLE
2026-07-22T12:06:54.980989+00:00,0.6124958992004395,NO_CHANGE,"Cooldown aktif, kalan sure: 120sn",0.6124958992004395,0.6,STABLE
2026-07-22T12:07:26.432467+00:00,0.6124958992004395,NO_CHANGE,"Cooldown aktif, kalan sure: 120sn",0.6124958992004395,0.6,STABLE
2026-07-22T12:07:57.879109+00:00,0.6092768708864847,NO_CHANGE,"Cooldown aktif, kalan sure: 120sn",0.6092768708864847,0.6,STABLE
2026-07-22T12:08:29.491545+00:00,0.6092768708864847,NO_CHANGE,"Cooldown aktif, kalan sure: 120sn",0.6092768708864847,0.61,STABLE
2026-07-22T12:09:00.892041+00:00,0.6064831018447876,NO_CHANGE,"Cooldown aktif, kalan sure: 120sn",0.6064831018447876,0.61,STABLE
2026-07-22T12:09:31.967176+00:00,0.6064831018447876,NO_CHANGE,"Cooldown aktif, kalan sure: 120sn",0.6064831018447876,0.61,STABLE
2026-07-22T12:10:03.216285+00:00,0.6035340229670206,NO_CHANGE,"Cooldown aktif, kalan sure: 120sn",0.6035340229670206,0.61,STABLE
2026-07-22T12:10:34.422676+00:00,0.6035340229670206,NO_CHANGE,"Cooldown aktif, kalan sure: 120sn",0.6035340229670206,0.61,STABLE
2026-07-22T12:11:05.635857+00:00,0.6108328898747762,NO_CHANGE,"Cooldown aktif, kalan sure: 120sn",0.6108328898747762,0.61,STABLE
2026-07-22T12:11:37.002255+00:00,0.6108328898747762,NO_CHANGE,"Cooldown aktif, kalan sure: 120sn",0.6108328898747762,0.61,STABLE
2026-07-22T12:12:08.445915+00:00,0.6133691072463989,NO_CHANGE,"Cooldown aktif, kalan sure: 120sn",0.6133691072463989,0.61,STABLE
2026-07-22T12:12:39.819027+00:00,0.6133691072463989,NO_CHANGE,"Cooldown aktif, kalan sure: 120sn",0.6133691072463989,0.61,STABLE
2026-07-22T12:13:11.334081+00:00,0.6034022768338522,NO_CHANGE,"Cooldown aktif, kalan sure: 120sn",0.6034022768338522,0.61,STABLE
2026-07-22T12:13:42.747955+00:00,0.6130971709887186,NO_CHANGE,"Cooldown aktif, kalan sure: 120sn",0.6130971709887186,0.61,STABLE
2026-07-22T12:14:14.149878+00:00,0.6130971709887186,NO_CHANGE,"Cooldown aktif, kalan sure: 120sn",0.6130971709887186,0.61,STABLE
2026-07-22T12:14:45.520263+00:00,0.6222904920578003,NO_CHANGE,"Cooldown aktif, kalan sure: 120sn",0.6222904920578003,0.61,STABLE
2026-07-22T12:15:16.962690+00:00,0.6222904920578003,NO_CHANGE,"Cooldown aktif, kalan sure: 120sn",0.6222904920578003,0.61,STABLE
2026-07-22T12:15:48.500832+00:00,0.5934996604919434,NO_CHANGE,"Cooldown aktif, kalan sure: 120sn",0.5934996604919434,0.61,STABLE
2026-07-22T12:16:20.141821+00:00,0.5934996604919434,NO_CHANGE,"Cooldown aktif, kalan sure: 120sn",0.5934996604919434,0.61,STABLE
2026-07-22T12:16:51.582289+00:00,0.5841343800226847,NO_CHANGE,"Cooldown aktif, kalan sure: 120sn",0.5841343800226847,0.6,STABLE
2026-07-22T12:17:22.979047+00:00,0.5841343800226847,NO_CHANGE,"Cooldown aktif, kalan sure: 120sn",0.5841343800226847,0.6,STABLE
2026-07-22T12:17:54.387958+00:00,0.5935199856758118,NO_CHANGE,"Cooldown aktif, kalan sure: 120sn",0.5935199856758118,0.59,STABLE
2026-07-22T12:18:25.791556+00:00,0.5935199856758118,NO_CHANGE,"Cooldown aktif, kalan sure: 120sn",0.5935199856758118,0.59,STABLE
2026-07-22T12:18:57.325885+00:00,0.6099522511164347,NO_CHANGE,"Cooldown aktif, kalan sure: 120sn",0.6099522511164347,0.59,STABLE
2026-07-22T12:19:28.760647+00:00,0.6099522511164347,NO_CHANGE,"Cooldown aktif, kalan sure: 120sn",0.6099522511164347,0.6,STABLE
2026-07-22T12:20:00.918652+00:00,0.598088006178538,NO_CHANGE,"Cooldown aktif, kalan sure: 120sn",0.598088006178538,0.6,STABLE
2026-07-22T12:20:32.557057+00:00,0.598088006178538,NO_CHANGE,"Cooldown aktif, kalan sure: 120sn",0.598088006178538,0.6,STABLE
2026-07-22T12:21:04.167112+00:00,0.5955440402030945,NO_CHANGE,"Cooldown aktif, kalan sure: 120sn",0.5955440402030945,0.6,STABLE
2026-07-22T12:21:35.896333+00:00,0.5955440402030945,NO_CHANGE,"Cooldown aktif, kalan sure: 120sn",0.5955440402030945,0.6,STABLE
2026-07-22T12:22:07.276204+00:00,0.5968718727429708,NO_CHANGE,"Cooldown aktif, kalan sure: 120sn",0.5968718727429708,0.6,STABLE
2026-07-22T12:22:38.717341+00:00,0.5968718727429708,NO_CHANGE,"Cooldown aktif, kalan sure: 120sn",0.5968718727429708,0.6,STABLE
2026-07-22T12:23:10.047392+00:00,0.6032054225603739,NO_CHANGE,"Cooldown aktif, kalan sure: 120sn",0.6032054225603739,0.6,STABLE
2026-07-22T12:23:41.385784+00:00,0.5792138377825419,NO_CHANGE,"Cooldown aktif, kalan sure: 120sn",0.5792138377825419,0.59,STABLE
2026-07-22T12:24:13.029144+00:00,0.5792138377825419,NO_CHANGE,"Cooldown aktif, kalan sure: 120sn",0.5792138377825419,0.59,STABLE
2026-07-22T12:24:44.370520+00:00,0.5923420190811157,NO_CHANGE,"Cooldown aktif, kalan sure: 120sn",0.5923420190811157,0.59,STABLE
2026-07-22T12:25:15.745884+00:00,0.5923420190811157,NO_CHANGE,"Cooldown aktif, kalan sure: 120sn",0.5923420190811157,0.59,STABLE
2026-07-22T12:25:47.437616+00:00,0.5818741917610168,NO_CHANGE,"Cooldown aktif, kalan sure: 120sn",0.5818741917610168,0.58,STABLE
2026-07-22T12:26:18.890965+00:00,0.5818741917610168,NO_CHANGE,"Cooldown aktif, kalan sure: 120sn",0.5818741917610168,0.59,STABLE
2026-07-22T12:26:50.864075+00:00,0.5973530213038126,NO_CHANGE,"Cooldown aktif, kalan sure: 120sn",0.5973530213038126,0.59,STABLE
2026-07-22T12:27:22.661030+00:00,0.5973530213038126,NO_CHANGE,"Cooldown aktif, kalan sure: 120sn",0.5973530213038126,0.59,STABLE
2026-07-22T12:27:54.738935+00:00,0.587571899096171,NO_CHANGE,"Cooldown aktif, kalan sure: 120sn",0.587571899096171,0.59,STABLE
2026-07-22T12:28:26.756832+00:00,0.587571899096171,NO_CHANGE,"Cooldown aktif, kalan sure: 120sn",0.587571899096171,0.59,STABLE
2026-07-22T12:28:58.345510+00:00,0.603756825129191,NO_CHANGE,"Cooldown aktif, kalan sure: 120sn",0.603756825129191,0.59,STABLE
2026-07-22T12:29:29.905161+00:00,0.603756825129191,NO_CHANGE,"Cooldown aktif, kalan sure: 120sn",0.603756825129191,0.6,STABLE
2026-07-22T12:30:02.355148+00:00,0.6057660579681396,NO_CHANGE,"Cooldown aktif, kalan sure: 120sn",0.6057660579681396,0.6,STABLE
2026-07-22T12:30:33.953585+00:00,0.6057660579681396,NO_CHANGE,"Cooldown aktif, kalan sure: 120sn",0.6057660579681396,0.6,STABLE
2026-07-22T12:31:06.862468+00:00,0.6020201245943705,NO_CHANGE,"Cooldown aktif, kalan sure: 120sn",0.6020201245943705,0.6,STABLE
2026-07-22T12:31:38.572410+00:00,0.6020201245943705,NO_CHANGE,"Cooldown aktif, kalan sure: 120sn",0.6020201245943705,0.6,STABLE
2026-07-22T12:32:10.002689+00:00,0.6103692054748535,NO_CHANGE,"Cooldown aktif, kalan sure: 120sn",0.6103692054748535,0.61,STABLE
2026-07-22T12:32:41.415453+00:00,0.6103692054748535,NO_CHANGE,"Cooldown aktif, kalan sure: 120sn",0.6103692054748535,0.61,STABLE
2026-07-22T12:33:12.858000+00:00,0.6021355191866556,NO_CHANGE,"Cooldown aktif, kalan sure: 120sn",0.6021355191866556,0.61,STABLE
2026-07-22T12:33:44.535784+00:00,0.6064221858978271,NO_CHANGE,"Cooldown aktif, kalan sure: 120sn",0.6064221858978271,0.61,STABLE
2026-07-22T12:34:15.941558+00:00,0.6064221858978271,NO_CHANGE,"Cooldown aktif, kalan sure: 120sn",0.6064221858978271,0.61,STABLE
2026-07-22T12:34:47.470998+00:00,0.6098212202390035,NO_CHANGE,"Cooldown aktif, kalan sure: 120sn",0.6098212202390035,0.61,STABLE
2026-07-22T12:35:19.048639+00:00,0.6098212202390035,NO_CHANGE,"Cooldown aktif, kalan sure: 120sn",0.6098212202390035,0.61,STABLE
2026-07-22T12:35:50.470253+00:00,0.6001476446787516,NO_CHANGE,"Cooldown aktif, kalan sure: 120sn",0.6001476446787516,0.61,STABLE
2026-07-22T12:36:23.149050+00:00,0.6001476446787516,NO_CHANGE,"Cooldown aktif, kalan sure: 120sn",0.6001476446787516,0.61,STABLE
2026-07-22T12:36:55.303232+00:00,0.5973111788431803,NO_CHANGE,"Cooldown aktif, kalan sure: 120sn",0.5973111788431803,0.6,STABLE
2026-07-22T12:37:27.465006+00:00,0.5973111788431803,NO_CHANGE,"Cooldown aktif, kalan sure: 120sn",0.5973111788431803,0.6,STABLE
2026-07-22T12:37:59.202481+00:00,0.603783130645752,NO_CHANGE,"Cooldown aktif, kalan sure: 120sn",0.603783130645752,0.6,STABLE
2026-07-22T12:38:30.629231+00:00,0.603783130645752,NO_CHANGE,"Cooldown aktif, kalan sure: 120sn",0.603783130645752,0.6,STABLE
2026-07-22T12:39:02.079967+00:00,0.5946007966995239,NO_CHANGE,"Cooldown aktif, kalan sure: 120sn",0.5946007966995239,0.6,STABLE
2026-07-22T12:39:34.142369+00:00,0.5946007966995239,NO_CHANGE,"Cooldown aktif, kalan sure: 120sn",0.5946007966995239,0.6,STABLE
2026-07-22T12:40:05.659814+00:00,0.6014522711435953,NO_CHANGE,"Cooldown aktif, kalan sure: 120sn",0.6014522711435953,0.6,STABLE
2026-07-22T12:40:37.121097+00:00,0.6014522711435953,NO_CHANGE,"Cooldown aktif, kalan sure: 120sn",0.6014522711435953,0.6,STABLE
2026-07-22T12:41:08.831553+00:00,0.5951951146125793,NO_CHANGE,"Cooldown aktif, kalan sure: 120sn",0.5951951146125793,0.6,STABLE
2026-07-22T12:41:40.661790+00:00,0.5807600617408752,NO_CHANGE,"Cooldown aktif, kalan sure: 120sn",0.5807600617408752,0.59,STABLE
2026-07-22T12:42:12.569649+00:00,0.5807600617408752,NO_CHANGE,"Cooldown aktif, kalan sure: 120sn",0.5807600617408752,0.59,STABLE
2026-07-22T12:42:43.997895+00:00,0.6109714905420939,NO_CHANGE,"Cooldown aktif, kalan sure: 120sn",0.6109714905420939,0.59,STABLE
2026-07-22T12:43:15.505379+00:00,0.6109714905420939,NO_CHANGE,"Cooldown aktif, kalan sure: 120sn",0.6109714905420939,0.6,STABLE
2026-07-22T12:43:47.408140+00:00,0.6028040647506714,NO_CHANGE,"Cooldown aktif, kalan sure: 120sn",0.6028040647506714,0.6,STABLE
2026-07-22T12:44:19.057092+00:00,0.6028040647506714,NO_CHANGE,"Cooldown aktif, kalan sure: 120sn",0.6028040647506714,0.6,STABLE
2026-07-22T12:44:50.444988+00:00,0.5994670987129211,NO_CHANGE,"Cooldown aktif, kalan sure: 120sn",0.5994670987129211,0.61,STABLE
2026-07-22T12:45:21.817301+00:00,0.5994670987129211,NO_CHANGE,"Cooldown aktif, kalan sure: 120sn",0.5994670987129211,0.6,STABLE
2026-07-22T12:45:53.192102+00:00,0.6008324225743612,NO_CHANGE,"Cooldown aktif, kalan sure: 120sn",0.6008324225743612,0.6,STABLE
2026-07-22T12:46:25.699556+00:00,0.6008324225743612,NO_CHANGE,"Cooldown aktif, kalan sure: 120sn",0.6008324225743612,0.6,STABLE
2026-07-22T12:46:57.173191+00:00,0.5987924933433533,NO_CHANGE,"Cooldown aktif, kalan sure: 120sn",0.5987924933433533,0.6,STABLE
2026-07-22T12:47:28.909075+00:00,0.5987924933433533,NO_CHANGE,"Cooldown aktif, kalan sure: 120sn",0.5987924933433533,0.6,STABLE
2026-07-22T12:48:00.287059+00:00,0.6027997533480326,NO_CHANGE,"Cooldown aktif, kalan sure: 120sn",0.6027997533480326,0.6,STABLE
2026-07-22T12:48:31.718991+00:00,0.6027997533480326,NO_CHANGE,"Cooldown aktif, kalan sure: 120sn",0.6027997533480326,0.6,STABLE
2026-07-22T12:49:04.503177+00:00,0.6022354165712992,NO_CHANGE,"Cooldown aktif, kalan sure: 120sn",0.6022354165712992,0.6,STABLE
2026-07-22T12:49:36.549212+00:00,0.6022354165712992,NO_CHANGE,"Cooldown aktif, kalan sure: 120sn",0.6022354165712992,0.6,STABLE
2026-07-22T12:50:07.980207+00:00,0.5921150247255961,NO_CHANGE,"Cooldown aktif, kalan sure: 120sn",0.5921150247255961,0.6,STABLE
2026-07-22T12:50:39.513565+00:00,0.5921150247255961,NO_CHANGE,"Cooldown aktif, kalan sure: 120sn",0.5921150247255961,0.6,STABLE
2026-07-22T12:51:11.383828+00:00,0.5981967647870382,NO_CHANGE,"Cooldown aktif, kalan sure: 120sn",0.5981967647870382,0.6,STABLE
2026-07-22T12:51:42.903849+00:00,0.5880967577298483,NO_CHANGE,"Cooldown aktif, kalan sure: 120sn",0.5880967577298483,0.59,STABLE
2026-07-22T12:52:14.452120+00:00,0.5880967577298483,NO_CHANGE,"Cooldown aktif, kalan sure: 120sn",0.5880967577298483,0.59,STABLE
2026-07-22T12:52:45.884165+00:00,0.5966030557950338,NO_CHANGE,"Cooldown aktif, kalan sure: 120sn",0.5966030557950338,0.59,STABLE
2026-07-22T12:53:17.374340+00:00,0.5966030557950338,NO_CHANGE,"Cooldown aktif, kalan sure: 120sn",0.5966030557950338,0.59,STABLE
2026-07-22T13:28:06.992910+00:00,0.6026895443598429,NO_CHANGE,"Cooldown aktif, kalan sure: 120sn",0.6026895443598429,0.59,STABLE
2026-07-22T13:28:40.683088+00:00,0.6026895443598429,NO_CHANGE,"Cooldown aktif, kalan sure: 120sn",0.6026895443598429,0.6,STABLE
2026-07-22T13:29:12.957267+00:00,0.595698356628418,NO_CHANGE,"Cooldown aktif, kalan sure: 120sn",0.595698356628418,0.6,STABLE
2026-07-22T13:29:44.416496+00:00,0.617746631304423,NO_CHANGE,"Cooldown aktif, kalan sure: 120sn",0.617746631304423,0.6,STABLE
2026-07-22T13:30:16.824653+00:00,0.617746631304423,NO_CHANGE,"Cooldown aktif, kalan sure: 120sn",0.617746631304423,0.61,STABLE
2026-07-22T13:30:48.313476+00:00,0.6132839520772299,NO_CHANGE,"Cooldown aktif, kalan sure: 120sn",0.6132839520772299,0.61,STABLE
2026-07-22T13:31:19.793625+00:00,0.6132839520772299,NO_CHANGE,"Cooldown aktif, kalan sure: 120sn",0.6132839520772299,0.61,STABLE
2026-07-22T13:31:52.319565+00:00,0.6118239164352417,NO_CHANGE,"Cooldown aktif, kalan sure: 120sn",0.6118239164352417,0.61,STABLE
2026-07-22T13:32:23.774213+00:00,0.6118239164352417,NO_CHANGE,"Cooldown aktif, kalan sure: 120sn",0.6118239164352417,0.61,STABLE
2026-07-22T13:32:55.308460+00:00,0.5974860787391663,NO_CHANGE,"Cooldown aktif, kalan sure: 120sn",0.5974860787391663,0.61,STABLE
2026-07-22T13:33:26.638390+00:00,0.5974860787391663,NO_CHANGE,"Cooldown aktif, kalan sure: 120sn",0.5974860787391663,0.61,STABLE
2026-07-22T13:33:57.990540+00:00,0.5993114709854126,NO_CHANGE,"Cooldown aktif, kalan sure: 120sn",0.5993114709854126,0.6,STABLE
2026-07-22T13:34:29.515950+00:00,0.5993114709854126,NO_CHANGE,"Cooldown aktif, kalan sure: 120sn",0.5993114709854126,0.6,STABLE
2026-07-22T13:35:00.882921+00:00,0.5884601473808289,NO_CHANGE,"Cooldown aktif, kalan sure: 120sn",0.5884601473808289,0.6,STABLE
2026-07-22T13:35:32.615041+00:00,0.5884601473808289,NO_CHANGE,"Cooldown aktif, kalan sure: 120sn",0.5884601473808289,0.59,STABLE
2026-07-22T13:36:04.445275+00:00,0.5986841519673666,NO_CHANGE,"Cooldown aktif, kalan sure: 120sn",0.5986841519673666,0.59,STABLE
2026-07-22T13:36:36.015702+00:00,0.5986841519673666,NO_CHANGE,"Cooldown aktif, kalan sure: 120sn",0.5986841519673666,0.59,STABLE
2026-07-22T13:37:07.791780+00:00,0.5962658921877543,NO_CHANGE,"Cooldown aktif, kalan sure: 120sn",0.5962658921877543,0.59,STABLE
2026-07-22T13:37:39.140812+00:00,0.5962658921877543,NO_CHANGE,"Cooldown aktif, kalan sure: 120sn",0.5962658921877543,0.6,STABLE
2026-07-22T13:38:10.471382+00:00,0.6070124904314677,NO_CHANGE,"Cooldown aktif, kalan sure: 120sn",0.6070124904314677,0.6,STABLE
2026-07-22T13:38:42.392633+00:00,0.5978633761405945,NO_CHANGE,"Cooldown aktif, kalan sure: 120sn",0.5978633761405945,0.6,STABLE
2026-07-22T13:39:14.399604+00:00,0.5978633761405945,NO_CHANGE,"Cooldown aktif, kalan sure: 120sn",0.5978633761405945,0.6,STABLE
2026-07-22T13:39:46.822532+00:00,0.6018849611282349,NO_CHANGE,"Cooldown aktif, kalan sure: 120sn",0.6018849611282349,0.6,STABLE
2026-07-22T13:40:18.218729+00:00,0.6018849611282349,NO_CHANGE,"Cooldown aktif, kalan sure: 120sn",0.6018849611282349,0.6,STABLE
2026-07-22T13:40:49.957160+00:00,0.6002529859542847,NO_CHANGE,"Cooldown aktif, kalan sure: 120sn",0.6002529859542847,0.6,STABLE
2026-07-22T13:41:21.321044+00:00,0.6002529859542847,NO_CHANGE,"Cooldown aktif, kalan sure: 120sn",0.6002529859542847,0.6,STABLE
2026-07-22T13:41:53.174454+00:00,0.6061060627301534,NO_CHANGE,"Cooldown aktif, kalan sure: 120sn",0.6061060627301534,0.6,STABLE
2026-07-22T13:42:25.214393+00:00,0.6061060627301534,NO_CHANGE,"Cooldown aktif, kalan sure: 120sn",0.6061060627301534,0.6,STABLE
2026-07-22T13:42:56.592273+00:00,0.5999094247817993,NO_CHANGE,"Cooldown aktif, kalan sure: 120sn",0.5999094247817993,0.6,STABLE
2026-07-22T13:43:27.969754+00:00,0.5999094247817993,NO_CHANGE,"Cooldown aktif, kalan sure: 120sn",0.5999094247817993,0.6,STABLE
2026-07-22T13:43:59.984497+00:00,0.6015045642852783,NO_CHANGE,"Cooldown aktif, kalan sure: 120sn",0.6015045642852783,0.6,STABLE
2026-07-22T13:44:31.416698+00:00,0.6015045642852783,NO_CHANGE,"Cooldown aktif, kalan sure: 120sn",0.6015045642852783,0.6,STABLE
2026-07-22T13:45:02.855774+00:00,0.5915237466494242,NO_CHANGE,"Cooldown aktif, kalan sure: 120sn",0.5915237466494242,0.6,STABLE
2026-07-22T13:45:34.446237+00:00,0.5915237466494242,NO_CHANGE,"Cooldown aktif, kalan sure: 120sn",0.5915237466494242,0.6,STABLE
2026-07-22T13:46:05.856613+00:00,0.6007522145907084,NO_CHANGE,"Cooldown aktif, kalan sure: 120sn",0.6007522145907084,0.6,STABLE
2026-07-22T13:46:37.208580+00:00,0.6007522145907084,NO_CHANGE,"Cooldown aktif, kalan sure: 120sn",0.6007522145907084,0.6,STABLE
2026-07-22T13:47:08.671930+00:00,0.6094217697779337,NO_CHANGE,"Cooldown aktif, kalan sure: 120sn",0.6094217697779337,0.6,STABLE
2026-07-22T13:47:40.208928+00:00,0.6094217697779337,NO_CHANGE,"Cooldown aktif, kalan sure: 120sn",0.6094217697779337,0.6,STABLE
2026-07-22T13:48:11.575204+00:00,0.5977839231491089,NO_CHANGE,"Cooldown aktif, kalan sure: 120sn",0.5977839231491089,0.6,STABLE
2026-07-22T13:48:43.854590+00:00,0.5970772504806519,NO_CHANGE,"Cooldown aktif, kalan sure: 120sn",0.5970772504806519,0.6,STABLE
2026-07-22T13:49:15.205559+00:00,0.5970772504806519,NO_CHANGE,"Cooldown aktif, kalan sure: 120sn",0.5970772504806519,0.6,STABLE
2026-07-22T13:49:46.565234+00:00,0.6037699778874716,NO_CHANGE,"Cooldown aktif, kalan sure: 120sn",0.6037699778874716,0.6,STABLE
2026-07-22T13:50:18.357014+00:00,0.6037699778874716,NO_CHANGE,"Cooldown aktif, kalan sure: 120sn",0.6037699778874716,0.6,STABLE
2026-07-22T13:50:49.775312+00:00,0.601995607217153,NO_CHANGE,"Cooldown aktif, kalan sure: 120sn",0.601995607217153,0.6,STABLE
2026-07-22T13:51:21.184804+00:00,0.601995607217153,NO_CHANGE,"Cooldown aktif, kalan sure: 120sn",0.601995607217153,0.6,STABLE
2026-07-22T13:51:52.598680+00:00,0.6036398410797119,NO_CHANGE,"Cooldown aktif, kalan sure: 120sn",0.6036398410797119,0.6,STABLE
2026-07-22T13:52:23.991298+00:00,0.6036398410797119,NO_CHANGE,"Cooldown aktif, kalan sure: 120sn",0.6036398410797119,0.6,STABLE
2026-07-22T13:52:55.367864+00:00,0.6005817651748657,NO_CHANGE,"Cooldown aktif, kalan sure: 120sn",0.6005817651748657,0.6,STABLE
2026-07-22T13:53:27.339149+00:00,0.6005817651748657,NO_CHANGE,"Cooldown aktif, kalan sure: 120sn",0.6005817651748657,0.6,STABLE
2026-07-22T13:53:58.920747+00:00,0.5988602439562479,NO_CHANGE,"Cooldown aktif, kalan sure: 120sn",0.5988602439562479,0.6,STABLE
2026-07-22T13:54:30.621810+00:00,0.5988602439562479,NO_CHANGE,"Cooldown aktif, kalan sure: 120sn",0.5988602439562479,0.6,STABLE
2026-07-22T13:55:03.446032+00:00,0.597552498181661,NO_CHANGE,"Cooldown aktif, kalan sure: 120sn",0.597552498181661,0.6,STABLE
2026-07-22T13:55:34.871436+00:00,0.597552498181661,NO_CHANGE,"Cooldown aktif, kalan sure: 120sn",0.597552498181661,0.6,STABLE
2026-07-22T13:56:06.697579+00:00,0.6090940038363138,NO_CHANGE,"Cooldown aktif, kalan sure: 120sn",0.6090940038363138,0.6,STABLE
2026-07-22T13:56:38.265141+00:00,0.6090940038363138,NO_CHANGE,"Cooldown aktif, kalan sure: 120sn",0.6090940038363138,0.6,STABLE
2026-07-22T13:57:09.663430+00:00,0.6012002229690552,NO_CHANGE,"Cooldown aktif, kalan sure: 120sn",0.6012002229690552,0.6,STABLE
2026-07-22T13:57:42.096986+00:00,0.6058662335077921,NO_CHANGE,"Cooldown aktif, kalan sure: 120sn",0.6058662335077921,0.6,STABLE
2026-07-22T13:58:13.696828+00:00,0.6058662335077921,NO_CHANGE,"Cooldown aktif, kalan sure: 120sn",0.6058662335077921,0.61,STABLE
2026-07-22T13:58:45.067647+00:00,0.6036746303240458,NO_CHANGE,"Cooldown aktif, kalan sure: 120sn",0.6036746303240458,0.61,STABLE
2026-07-22T13:59:16.411169+00:00,0.6036746303240458,NO_CHANGE,"Cooldown aktif, kalan sure: 120sn",0.6036746303240458,0.6,STABLE
2026-07-22T13:59:48.120963+00:00,0.5965473055839539,NO_CHANGE,"Cooldown aktif, kalan sure: 120sn",0.5965473055839539,0.6,STABLE
2026-07-22T14:00:19.687092+00:00,0.5965473055839539,NO_CHANGE,"Cooldown aktif, kalan sure: 120sn",0.5965473055839539,0.6,STABLE
2026-07-22T14:00:51.251296+00:00,0.5937831600507101,NO_CHANGE,"Cooldown aktif, kalan sure: 120sn",0.5937831600507101,0.6,STABLE
2026-07-22T14:01:23.678950+00:00,0.5937831600507101,NO_CHANGE,"Cooldown aktif, kalan sure: 120sn",0.5937831600507101,0.6,STABLE
2026-07-22T14:01:55.144198+00:00,0.5964462757110596,NO_CHANGE,"Cooldown aktif, kalan sure: 120sn",0.5964462757110596,0.6,STABLE
2026-07-22T14:02:26.573447+00:00,0.5964462757110596,NO_CHANGE,"Cooldown aktif, kalan sure: 120sn",0.5964462757110596,0.6,STABLE
2026-07-22T14:02:57.910619+00:00,0.6108326315879822,NO_CHANGE,"Cooldown aktif, kalan sure: 120sn",0.6108326315879822,0.6,STABLE
2026-07-22T14:03:29.390902+00:00,0.6108326315879822,NO_CHANGE,"Cooldown aktif, kalan sure: 120sn",0.6108326315879822,0.6,STABLE
2026-07-22T14:04:01.606607+00:00,0.5965892473856608,NO_CHANGE,"Cooldown aktif, kalan sure: 120sn",0.5965892473856608,0.6,STABLE
2026-07-22T14:04:33.310497+00:00,0.5965892473856608,NO_CHANGE,"Cooldown aktif, kalan sure: 120sn",0.5965892473856608,0.6,STABLE
2026-07-22T14:05:04.681909+00:00,0.6001732548077902,NO_CHANGE,"Cooldown aktif, kalan sure: 120sn",0.6001732548077902,0.6,STABLE
2026-07-22T14:05:36.209136+00:00,0.6001732548077902,NO_CHANGE,"Cooldown aktif, kalan sure: 120sn",0.6001732548077902,0.6,STABLE
2026-07-22T14:06:07.822700+00:00,0.6059130827585856,NO_CHANGE,"Cooldown aktif, kalan sure: 120sn",0.6059130827585856,0.6,STABLE
2026-07-22T14:06:39.220776+00:00,0.6059130827585856,NO_CHANGE,"Cooldown aktif, kalan sure: 120sn",0.6059130827585856,0.6,STABLE
2026-07-22T14:07:11.133259+00:00,0.6008812586466471,NO_CHANGE,"Cooldown aktif, kalan sure: 120sn",0.6008812586466471,0.6,STABLE
2026-07-22T14:10:12.846415+00:00,0.6082914670308431,NO_CHANGE,"Cooldown aktif, kalan sure: 120sn",0.6082914670308431,0.6,STABLE
2026-07-22T14:10:45.807389+00:00,0.6073931654294332,NO_CHANGE,"Cooldown aktif, kalan sure: 120sn",0.6073931654294332,0.61,STABLE
2026-07-22T14:11:17.919046+00:00,0.6073931654294332,NO_CHANGE,"Cooldown aktif, kalan sure: 120sn",0.6073931654294332,0.61,STABLE
2026-07-22T14:11:49.877744+00:00,0.6029457847277323,NO_CHANGE,"Cooldown aktif, kalan sure: 120sn",0.6029457847277323,0.61,STABLE
2026-07-22T14:12:21.585448+00:00,0.6029457847277323,NO_CHANGE,"Cooldown aktif, kalan sure: 120sn",0.6029457847277323,0.61,STABLE
2026-07-22T14:12:53.457937+00:00,0.6023394664128622,NO_CHANGE,"Cooldown aktif, kalan sure: 120sn",0.6023394664128622,0.6,STABLE
2026-07-22T14:13:25.164031+00:00,0.6023394664128622,NO_CHANGE,"Cooldown aktif, kalan sure: 120sn",0.6023394664128622,0.6,STABLE
2026-07-22T14:13:56.907205+00:00,0.6065048376719157,NO_CHANGE,"Cooldown aktif, kalan sure: 120sn",0.6065048376719157,0.6,STABLE
2026-07-22T14:14:28.442256+00:00,0.6065048376719157,NO_CHANGE,"Cooldown aktif, kalan sure: 120sn",0.6065048376719157,0.6,STABLE
2026-07-22T14:15:00.003314+00:00,0.6054643193880717,NO_CHANGE,"Cooldown aktif, kalan sure: 120sn",0.6054643193880717,0.6,STABLE
2026-07-22T14:15:33.148006+00:00,0.6054643193880717,NO_CHANGE,"Cooldown aktif, kalan sure: 120sn",0.6054643193880717,0.61,STABLE
2026-07-22T14:16:05.125696+00:00,0.605030874411265,NO_CHANGE,"Cooldown aktif, kalan sure: 120sn",0.605030874411265,0.61,STABLE
2026-07-22T14:16:37.018565+00:00,0.605030874411265,NO_CHANGE,"Cooldown aktif, kalan sure: 120sn",0.605030874411265,0.61,STABLE
2026-07-22T14:17:08.682090+00:00,0.6173782149950663,NO_CHANGE,"Cooldown aktif, kalan sure: 120sn",0.6173782149950663,0.61,STABLE
2026-07-22T14:17:41.495082+00:00,0.5847493211428324,NO_CHANGE,"Cooldown aktif, kalan sure: 120sn",0.5847493211428324,0.6,STABLE
2026-07-22T14:18:12.985393+00:00,0.5847493211428324,NO_CHANGE,"Cooldown aktif, kalan sure: 120sn",0.5847493211428324,0.6,STABLE
2026-07-22T14:18:44.611285+00:00,0.5969174901644388,NO_CHANGE,"Cooldown aktif, kalan sure: 120sn",0.5969174901644388,0.6,STABLE
2026-07-22T14:19:16.424240+00:00,0.5969174901644388,NO_CHANGE,"Cooldown aktif, kalan sure: 120sn",0.5969174901644388,0.6,STABLE
2026-07-22T14:19:48.231432+00:00,0.6060508489608765,NO_CHANGE,"Cooldown aktif, kalan sure: 120sn",0.6060508489608765,0.59,STABLE
2026-07-22T14:20:19.759254+00:00,0.6060508489608765,NO_CHANGE,"Cooldown aktif, kalan sure: 120sn",0.6060508489608765,0.6,STABLE
2026-07-22T14:20:51.215102+00:00,0.6119417548179626,NO_CHANGE,"Cooldown aktif, kalan sure: 120sn",0.6119417548179626,0.6,STABLE
2026-07-22T14:21:23.930083+00:00,0.6119417548179626,NO_CHANGE,"Cooldown aktif, kalan sure: 120sn",0.6119417548179626,0.61,STABLE
2026-07-22T14:21:55.432038+00:00,0.5968477924664816,NO_CHANGE,"Cooldown aktif, kalan sure: 120sn",0.5968477924664816,0.61,STABLE
2026-07-22T14:22:26.918426+00:00,0.5968477924664816,NO_CHANGE,"Cooldown aktif, kalan sure: 120sn",0.5968477924664816,0.6,STABLE
2026-07-22T14:22:58.784391+00:00,0.5992698868115743,NO_CHANGE,"Cooldown aktif, kalan sure: 120sn",0.5992698868115743,0.6,STABLE
2026-07-22T14:23:30.307123+00:00,0.5992698868115743,NO_CHANGE,"Cooldown aktif, kalan sure: 120sn",0.5992698868115743,0.6,STABLE
2026-07-22T14:24:01.797486+00:00,0.6045313080151876,NO_CHANGE,"Cooldown aktif, kalan sure: 120sn",0.6045313080151876,0.6,STABLE
2026-07-22T14:24:33.286572+00:00,0.6045313080151876,NO_CHANGE,"Cooldown aktif, kalan sure: 120sn",0.6045313080151876,0.6,STABLE
2026-07-22T14:25:04.723877+00:00,0.6059884826342264,NO_CHANGE,"Cooldown aktif, kalan sure: 120sn",0.6059884826342264,0.6,STABLE
2026-07-22T14:25:36.271365+00:00,0.6059884826342264,NO_CHANGE,"Cooldown aktif, kalan sure: 120sn",0.6059884826342264,0.6,STABLE
2026-07-22T14:26:07.732260+00:00,0.6000234882036845,NO_CHANGE,"Cooldown aktif, kalan sure: 120sn",0.6000234882036845,0.6,STABLE
2026-07-22T14:26:39.253871+00:00,0.6000234882036845,NO_CHANGE,"Cooldown aktif, kalan sure: 120sn",0.6000234882036845,0.6,STABLE
2026-07-22T14:27:10.942527+00:00,0.6108411947886149,NO_CHANGE,"Cooldown aktif, kalan sure: 120sn",0.6108411947886149,0.6,STABLE
2026-07-22T14:27:42.483352+00:00,0.6019586722056071,NO_CHANGE,"Cooldown aktif, kalan sure: 120sn",0.6019586722056071,0.6,STABLE
2026-07-22T14:28:13.971422+00:00,0.6019586722056071,NO_CHANGE,"Cooldown aktif, kalan sure: 120sn",0.6019586722056071,0.6,STABLE
2026-07-22T14:28:45.476705+00:00,0.6060116489728292,NO_CHANGE,"Cooldown aktif, kalan sure: 120sn",0.6060116489728292,0.6,STABLE
2026-07-22T14:29:17.032605+00:00,0.6060116489728292,NO_CHANGE,"Cooldown aktif, kalan sure: 120sn",0.6060116489728292,0.61,STABLE
2026-07-22T14:29:48.809171+00:00,0.6082998116811117,NO_CHANGE,"Cooldown aktif, kalan sure: 120sn",0.6082998116811117,0.6,STABLE
2026-07-22T14:30:21.213707+00:00,0.6082998116811117,NO_CHANGE,"Cooldown aktif, kalan sure: 120sn",0.6082998116811117,0.61,STABLE
2026-07-22T14:30:52.661466+00:00,0.6139037807782491,NO_CHANGE,"Cooldown aktif, kalan sure: 120sn",0.6139037807782491,0.61,STABLE
2026-07-22T14:31:24.117868+00:00,0.6139037807782491,NO_CHANGE,"Cooldown aktif, kalan sure: 120sn",0.6139037807782491,0.61,STABLE
2026-07-22T14:31:55.538998+00:00,0.6130445996920267,NO_CHANGE,"Cooldown aktif, kalan sure: 120sn",0.6130445996920267,0.61,STABLE
2026-07-22T14:32:27.186652+00:00,0.6130445996920267,NO_CHANGE,"Cooldown aktif, kalan sure: 120sn",0.6130445996920267,0.61,STABLE
2026-07-22T14:32:58.627453+00:00,0.6043471296628317,NO_CHANGE,"Cooldown aktif, kalan sure: 120sn",0.6043471296628317,0.61,STABLE
2026-07-22T14:33:30.091441+00:00,0.6043471296628317,NO_CHANGE,"Cooldown aktif, kalan sure: 120sn",0.6043471296628317,0.61,STABLE
2026-07-22T14:34:01.618409+00:00,0.6040688554445902,NO_CHANGE,"Cooldown aktif, kalan sure: 120sn",0.6040688554445902,0.61,STABLE
2026-07-22T14:34:33.147802+00:00,0.6040688554445902,NO_CHANGE,"Cooldown aktif, kalan sure: 120sn",0.6040688554445902,0.61,STABLE
2026-07-22T14:35:04.674578+00:00,0.6027265191078186,NO_CHANGE,"Cooldown aktif, kalan sure: 120sn",0.6027265191078186,0.6,STABLE
2026-07-22T14:35:36.518916+00:00,0.6027265191078186,NO_CHANGE,"Cooldown aktif, kalan sure: 120sn",0.6027265191078186,0.6,STABLE
2026-07-22T14:36:08.106683+00:00,0.6009175976117452,NO_CHANGE,"Cooldown aktif, kalan sure: 120sn",0.6009175976117452,0.6,STABLE
2026-07-22T14:36:39.521113+00:00,0.6009175976117452,NO_CHANGE,"Cooldown aktif, kalan sure: 120sn",0.6009175976117452,0.6,STABLE
2026-07-22T14:37:11.369474+00:00,0.5795907576878866,NO_CHANGE,"Cooldown aktif, kalan sure: 120sn",0.5795907576878866,0.6,STABLE
2026-07-22T14:37:43.058847+00:00,0.6038845380147299,NO_CHANGE,"Cooldown aktif, kalan sure: 120sn",0.6038845380147299,0.6,STABLE
2026-07-22T14:38:14.959822+00:00,0.6038845380147299,NO_CHANGE,"Cooldown aktif, kalan sure: 120sn",0.6038845380147299,0.6,STABLE
2026-07-22T14:38:46.471269+00:00,0.6061225533485413,NO_CHANGE,"Cooldown aktif, kalan sure: 120sn",0.6061225533485413,0.6,STABLE
2026-07-22T14:39:17.935300+00:00,0.6061225533485413,NO_CHANGE,"Cooldown aktif, kalan sure: 120sn",0.6061225533485413,0.6,STABLE
2026-07-22T14:39:49.413632+00:00,0.5989646116892496,NO_CHANGE,"Cooldown aktif, kalan sure: 120sn",0.5989646116892496,0.6,STABLE
2026-07-22T14:40:21.297379+00:00,0.5989646116892496,NO_CHANGE,"Cooldown aktif, kalan sure: 120sn",0.5989646116892496,0.6,STABLE
2026-07-22T14:40:52.840478+00:00,0.6010578274726868,NO_CHANGE,"Cooldown aktif, kalan sure: 120sn",0.6010578274726868,0.6,STABLE
2026-07-22T14:41:24.943546+00:00,0.6010578274726868,NO_CHANGE,"Cooldown aktif, kalan sure: 120sn",0.6010578274726868,0.6,STABLE
2026-07-22T14:41:56.368858+00:00,0.5992453098297119,NO_CHANGE,"Cooldown aktif, kalan sure: 120sn",0.5992453098297119,0.6,STABLE
2026-07-22T14:42:28.189529+00:00,0.5992453098297119,NO_CHANGE,"Cooldown aktif, kalan sure: 120sn",0.5992453098297119,0.6,STABLE
2026-07-22T14:43:00.035761+00:00,0.6023151278495789,NO_CHANGE,"Cooldown aktif, kalan sure: 120sn",0.6023151278495789,0.6,STABLE
2026-07-22T14:43:31.513788+00:00,0.6023151278495789,NO_CHANGE,"Cooldown aktif, kalan sure: 120sn",0.6023151278495789,0.6,STABLE
2026-07-22T14:44:03.119442+00:00,0.6081552306811014,NO_CHANGE,"Cooldown aktif, kalan sure: 120sn",0.6081552306811014,0.6,STABLE
2026-07-22T14:44:35.457044+00:00,0.6081552306811014,NO_CHANGE,"Cooldown aktif, kalan sure: 120sn",0.6081552306811014,0.6,STABLE
2026-07-22T14:45:08.983140+00:00,0.599652369817098,NO_CHANGE,"Cooldown aktif, kalan sure: 120sn",0.599652369817098,0.6,STABLE
2026-07-22T14:45:40.977571+00:00,0.599652369817098,NO_CHANGE,"Cooldown aktif, kalan sure: 120sn",0.599652369817098,0.6,STABLE
2026-07-22T14:46:13.459622+00:00,0.5943626960118612,NO_CHANGE,"Cooldown aktif, kalan sure: 120sn",0.5943626960118612,0.6,STABLE
2026-07-22T14:46:44.955191+00:00,0.581789513429006,NO_CHANGE,"Cooldown aktif, kalan sure: 120sn",0.581789513429006,0.6,STABLE
2026-07-22T14:47:16.472434+00:00,0.581789513429006,NO_CHANGE,"Cooldown aktif, kalan sure: 120sn",0.581789513429006,0.59,STABLE
2026-07-22T14:47:47.988417+00:00,0.5953368544578552,NO_CHANGE,"Cooldown aktif, kalan sure: 120sn",0.5953368544578552,0.59,STABLE
2026-07-22T14:48:19.512336+00:00,0.5953368544578552,NO_CHANGE,"Cooldown aktif, kalan sure: 120sn",0.5953368544578552,0.59,STABLE
2026-07-22T14:48:51.168659+00:00,0.6068073113759359,NO_CHANGE,"Cooldown aktif, kalan sure: 120sn",0.6068073113759359,0.59,STABLE
2026-07-22T14:49:22.655711+00:00,0.6068073113759359,NO_CHANGE,"Cooldown aktif, kalan sure: 120sn",0.6068073113759359,0.6,STABLE
2026-07-22T14:49:54.551931+00:00,0.617773433526357,NO_CHANGE,"Cooldown aktif, kalan sure: 120sn",0.617773433526357,0.6,STABLE
2026-07-22T14:50:26.043114+00:00,0.617773433526357,NO_CHANGE,"Cooldown aktif, kalan sure: 120sn",0.617773433526357,0.61,STABLE
2026-07-22T14:50:57.621633+00:00,0.6098904410998026,NO_CHANGE,"Cooldown aktif, kalan sure: 120sn",0.6098904410998026,0.61,STABLE
2026-07-22T14:51:29.382673+00:00,0.6098904410998026,NO_CHANGE,"Cooldown aktif, kalan sure: 120sn",0.6098904410998026,0.61,STABLE
2026-07-22T14:52:01.531953+00:00,0.6068001190821329,NO_CHANGE,"Cooldown aktif, kalan sure: 120sn",0.6068001190821329,0.61,STABLE
2026-07-22T14:52:33.054269+00:00,0.6068001190821329,NO_CHANGE,"Cooldown aktif, kalan sure: 120sn",0.6068001190821329,0.61,STABLE
2026-07-22T14:53:04.609608+00:00,0.6093345681826273,NO_CHANGE,"Cooldown aktif, kalan sure: 120sn",0.6093345681826273,0.61,STABLE
2026-07-22T14:53:36.132856+00:00,0.6093345681826273,NO_CHANGE,"Cooldown aktif, kalan sure: 120sn",0.6093345681826273,0.61,STABLE
2026-07-22T14:54:07.598623+00:00,0.5978789130846659,NO_CHANGE,"Cooldown aktif, kalan sure: 120sn",0.5978789130846659,0.61,STABLE
2026-07-22T14:54:39.013268+00:00,0.5978789130846659,NO_CHANGE,"Cooldown aktif, kalan sure: 120sn",0.5978789130846659,0.6,STABLE
2026-07-22T14:55:10.454989+00:00,0.5850978493690491,NO_CHANGE,"Cooldown aktif, kalan sure: 120sn",0.5850978493690491,0.6,STABLE
2026-07-22T14:55:41.897961+00:00,0.5844254692395529,NO_CHANGE,"Cooldown aktif, kalan sure: 120sn",0.5844254692395529,0.59,STABLE
2026-07-22T14:56:13.349240+00:00,0.5844254692395529,NO_CHANGE,"Cooldown aktif, kalan sure: 120sn",0.5844254692395529,0.59,STABLE
2026-07-22T14:56:44.879889+00:00,0.6074629028638204,NO_CHANGE,"Cooldown aktif, kalan sure: 120sn",0.6074629028638204,0.59,STABLE
2026-07-22T14:57:16.399291+00:00,0.6074629028638204,NO_CHANGE,"Cooldown aktif, kalan sure: 120sn",0.6074629028638204,0.59,STABLE
2026-07-22T14:57:47.895221+00:00,0.6103103359540304,NO_CHANGE,"Cooldown aktif, kalan sure: 120sn",0.6103103359540304,0.6,STABLE
2026-07-22T14:58:19.481273+00:00,0.6103103359540304,NO_CHANGE,"Cooldown aktif, kalan sure: 120sn",0.6103103359540304,0.6,STABLE
2026-07-22T14:58:50.926841+00:00,0.599982480208079,NO_CHANGE,"Cooldown aktif, kalan sure: 120sn",0.599982480208079,0.61,STABLE
2026-07-22T14:59:22.354671+00:00,0.599982480208079,NO_CHANGE,"Cooldown aktif, kalan sure: 120sn",0.599982480208079,0.61,STABLE
2026-07-22T14:59:53.878405+00:00,0.5977188348770142,NO_CHANGE,"Cooldown aktif, kalan sure: 120sn",0.5977188348770142,0.6,STABLE
2026-07-22T15:00:25.369156+00:00,0.5977188348770142,NO_CHANGE,"Cooldown aktif, kalan sure: 120sn",0.5977188348770142,0.6,STABLE
2026-07-22T15:00:56.810590+00:00,0.5922672947247823,NO_CHANGE,"Cooldown aktif, kalan sure: 120sn",0.5922672947247823,0.6,STABLE
2026-07-22T15:01:28.318529+00:00,0.5922672947247823,NO_CHANGE,"Cooldown aktif, kalan sure: 120sn",0.5922672947247823,0.6,STABLE
2026-07-22T15:01:59.791462+00:00,0.5874133904774984,NO_CHANGE,"Cooldown aktif, kalan sure: 120sn",0.5874133904774984,0.59,STABLE
2026-07-22T15:02:31.284935+00:00,0.5874133904774984,NO_CHANGE,"Cooldown aktif, kalan sure: 120sn",0.5874133904774984,0.59,STABLE
2026-07-22T15:03:02.975740+00:00,0.5918566385904948,NO_CHANGE,"Cooldown aktif, kalan sure: 120sn",0.5918566385904948,0.59,STABLE
2026-07-22T15:03:34.475205+00:00,0.5918566385904948,NO_CHANGE,"Cooldown aktif, kalan sure: 120sn",0.5918566385904948,0.59,STABLE
2026-07-22T15:04:05.932294+00:00,0.6028071443239847,NO_CHANGE,"Cooldown aktif, kalan sure: 120sn",0.6028071443239847,0.59,STABLE
2026-07-22T15:04:37.343890+00:00,0.6028071443239847,NO_CHANGE,"Cooldown aktif, kalan sure: 120sn",0.6028071443239847,0.6,STABLE
2026-07-22T15:05:08.784221+00:00,0.6163325111071268,NO_CHANGE,"Cooldown aktif, kalan sure: 120sn",0.6163325111071268,0.6,STABLE
2026-07-22T15:05:40.495571+00:00,0.6163325111071268,NO_CHANGE,"Cooldown aktif, kalan sure: 120sn",0.6163325111071268,0.61,STABLE
2026-07-22T15:06:11.703718+00:00,0.6162162025769552,NO_CHANGE,"Cooldown aktif, kalan sure: 120sn",0.6162162025769552,0.61,STABLE
2026-07-22T15:06:43.200390+00:00,0.6198369661966959,NO_CHANGE,"Cooldown aktif, kalan sure: 120sn",0.6198369661966959,0.61,STABLE
2026-07-22T15:07:16.069905+00:00,0.6198369661966959,NO_CHANGE,"Cooldown aktif, kalan sure: 120sn",0.6198369661966959,0.62,STABLE
2026-07-22T15:07:47.601274+00:00,0.6030491789182028,NO_CHANGE,"Cooldown aktif, kalan sure: 120sn",0.6030491789182028,0.62,STABLE
2026-07-22T15:08:19.151664+00:00,0.6030491789182028,NO_CHANGE,"Cooldown aktif, kalan sure: 120sn",0.6030491789182028,0.61,STABLE
2026-07-22T15:08:50.736881+00:00,0.6030491789182028,NO_CHANGE,"Cooldown aktif, kalan sure: 120sn",0.6030491789182028,0.61,STABLE
